source_system,source_board,external_key,occupation_code,occupation_description,license_number,class_code,licensee_name_raw,dba_name_raw,primary_status,secondary_status,status_normalized,original_licensure_date,effective_date,expiration_date,address_line_1,address_line_2,address_line_3,city,state,postal_code,county_code,county_name,board_number,raw_payload_json
az_roc,ROC,AZ-ROC:002386,CR-3,CR-3 Awnings Canopies Carports and Patio Covers,002386,CR-3,Phoenix Tent and Awning Company,,Active,Specialty Dual · Category: Dual · QP: QP Exempt,active,1933-07-01,,2027-06-30,2829 E. McDowell Rd.,,,Phoenix,AZ,85008,,,ROC,"{""#"": ""1"", ""License No"": ""002386"", ""Business Name"": ""Phoenix Tent and Awning Company"", ""Class"": ""CR-3"", ""Class Detail"": ""CR-3 Awnings Canopies Carports and Patio Covers"", ""Class Type"": ""Specialty Dual"", ""Address"": ""2829 E. McDowell Rd."", ""City"": ""Phoenix"", ""State"": ""AZ"", ""Zip"": ""85008"", ""Qualifying Party"": ""QP Exempt"", ""Issued Date"": ""1933-07-01"", ""Expiration Date"": ""2027-06-30"", ""Status"": ""Active"", ""_source_file"": ""ROC_Posting-List_2026-08-13.csv"", ""_category"": ""Dual""}"
az_roc,ROC,AZ-ROC:016349,CR-14,CR-14 Fencing,016349,CR-14,American Fence Company Of Arizona Inc,,Active,Specialty Dual · Category: Dual · QP: QP Exempt,active,1954-09-07,,2027-08-31,2502 N. 27th Avenue,,,Phoenix,AZ,85009,,,ROC,"{""#"": ""2"", ""License No"": ""016349"", ""Business Name"": ""American Fence Company Of Arizona Inc"", ""Class"": ""CR-14"", ""Class Detail"": ""CR-14 Fencing"", ""Class Type"": ""Specialty Dual"", ""Address"": ""2502 N. 27th Avenue"", ""City"": ""Phoenix"", ""State"": ""AZ"", ""Zip"": ""85009"", ""Qualifying Party"": ""QP Exempt"", ""Issued Date"": ""1954-09-07"", ""Expiration Date"": ""2027-08-31"", ""Status"": ""Active"", ""_source_file"": ""ROC_Posting-List_2026-08-13.csv"", ""_category"": ""Dual""}"
az_roc,ROC,AZ-ROC:016899,R-11,R-11 Electrical,016899,R-11,Copper King Electric Co Inc,,Active,Specialty Residential · Category: Residential · QP: QP Exempt,active,1955-04-12,,2028-03-31,4325 East Vista Drive,,,Phoenix,AZ,85032,,,ROC,"{""#"": ""3"", ""License No"": ""016899"", ""Business Name"": ""Copper King Electric Co Inc"", ""Class"": ""R-11"", ""Class Detail"": ""R-11 Electrical"", ""Class Type"": ""Specialty Residential"", ""Address"": ""4325 East Vista Drive"", ""City"": ""Phoenix"", ""State"": ""AZ"", ""Zip"": ""85032"", ""Qualifying Party"": ""QP Exempt"", ""Issued Date"": ""1955-04-12"", ""Expiration Date"": ""2028-03-31"", ""Status"": ""Active"", ""_source_file"": ""ROC_Posting-List_2026-08-13.csv"", ""_category"": ""Residential""}"
az_roc,ROC,AZ-ROC:017842,CR-42,CR-42 Roofing,017842,CR-42,Custom Roofing Co Inc,,Active,Specialty Dual · Category: Dual · QP: William Dean Hill,active,1956-07-02,,2028-06-30,320 S 40th place,,,Phoenix,AZ,85034,,,ROC,"{""#"": ""4"", ""License No"": ""017842"", ""Business Name"": ""Custom Roofing Co Inc"", ""Class"": ""CR-42"", ""Class Detail"": ""CR-42 Roofing"", ""Class Type"": ""Specialty Dual"", ""Address"": ""320 S 40th place"", ""City"": ""Phoenix"", ""State"": ""AZ"", ""Zip"": ""85034"", ""Qualifying Party"": ""William Dean Hill"", ""Issued Date"": ""1956-07-02"", ""Expiration Date"": ""2028-06-30"", ""Status"": ""Active"", ""_source_file"": ""ROC_Posting-List_2026-08-13.csv"", ""_category"": ""Dual""}"
az_roc,ROC,AZ-ROC:019133,R-39R,R-39R Air Conditioning and Refrigeration,019133,R-39R,Chas Roberts Air Conditioning Inc,,Active,Specialty Residential · Category: Residential · QP: Roberta Rae Shank,active,1957-12-03,,2026-12-31,9828 N 19TH AVE,,,PHOENIX,AZ,85021-1906,,,ROC,"{""#"": ""5"", ""License No"": ""019133"", ""Business Name"": ""Chas Roberts Air Conditioning Inc"", ""Class"": ""R-39R"", ""Class Detail"": ""R-39R Air Conditioning and Refrigeration"", ""Class Type"": ""Specialty Residential"", ""Address"": ""9828 N 19TH AVE"", ""City"": ""PHOENIX"", ""State"": ""AZ"", ""Zip"": ""85021-1906"", ""Qualifying Party"": ""Roberta Rae Shank"", ""Issued Date"": ""1957-12-03"", ""Expiration Date"": ""2026-12-31"", ""Status"": ""Active"", ""_source_file"": ""ROC_Posting-List_2026-08-13.csv"", ""_category"": ""Residential""}"
az_roc,ROC,AZ-ROC:020039,R-39R,R-39R Air Conditioning and Refrigeration,020039,R-39R,Rincon Air Conditioning and Heating Co Inc,,Active,Specialty Residential · Category: Residential · QP: Neil Allen Chamberlain,active,1958-09-26,,2027-08-31,4810 E Speedway Blvd,,,Tucson,AZ,85712,,,ROC,"{""#"": ""6"", ""License No"": ""020039"", ""Business Name"": ""Rincon Air Conditioning and Heating Co Inc"", ""Class"": ""R-39R"", ""Class Detail"": ""R-39R Air Conditioning and Refrigeration"", ""Class Type"": ""Specialty Residential"", ""Address"": ""4810 E Speedway Blvd"", ""City"": ""Tucson"", ""State"": ""AZ"", ""Zip"": ""85712"", ""Qualifying Party"": ""Neil Allen Chamberlain"", ""Issued Date"": ""1958-09-26"", ""Expiration Date"": ""2027-08-31"", ""Status"": ""Active"", ""_source_file"": ""ROC_Posting-List_2026-08-13.csv"", ""_category"": ""Residential""}"
az_roc,ROC,AZ-ROC:020095,R-39R,R-39R Air Conditioning and Refrigeration,020095,R-39R,Southern Arizona York Contracting Company,Sayco Heating and Air Conditioning,Active,Specialty Residential · Category: Residential · QP: Anthony Karl Sanchez,active,1958-10-28,,2028-09-30,350 E. Prince Rd.,,,Tucson,AZ,85705,,,ROC,"{""#"": ""7"", ""License No"": ""020095"", ""Business Name"": ""Southern Arizona York Contracting Company"", ""Doing Business As"": ""Sayco Heating and Air Conditioning"", ""Class"": ""R-39R"", ""Class Detail"": ""R-39R Air Conditioning and Refrigeration"", ""Class Type"": ""Specialty Residential"", ""Address"": ""350 E. Prince Rd."", ""City"": ""Tucson"", ""State"": ""AZ"", ""Zip"": ""85705"", ""Qualifying Party"": ""Anthony Karl Sanchez"", ""Issued Date"": ""1958-10-28"", ""Expiration Date"": ""2028-09-30"", ""Status"": ""Active"", ""_source_file"": ""ROC_Posting-List_2026-08-13.csv"", ""_category"": ""Residential""}"
az_roc,ROC,AZ-ROC:021038,B,B General Residential Contractor,021038,B,Safford Builders Supply Co,,Active,General Residential · Category: Residential · QP: QP Exempt,active,1959-08-17,,2028-07-31,707 S 6th Ave,,,Safford,AZ,85546,,,ROC,"{""#"": ""8"", ""License No"": ""021038"", ""Business Name"": ""Safford Builders Supply Co"", ""Class"": ""B"", ""Class Detail"": ""B General Residential Contractor"", ""Class Type"": ""General Residential"", ""Address"": ""707 S 6th Ave"", ""City"": ""Safford"", ""State"": ""AZ"", ""Zip"": ""85546"", ""Qualifying Party"": ""QP Exempt"", ""Issued Date"": ""1959-08-17"", ""Expiration Date"": ""2028-07-31"", ""Status"": ""Active"", ""_source_file"": ""ROC_Posting-List_2026-08-13.csv"", ""_category"": ""Residential""}"
az_roc,ROC,AZ-ROC:021039,R-11,R-11 Electrical,021039,R-11,Safford Builders Supply Co,,Active,Specialty Residential · Category: Residential · QP: QP Exempt,active,1959-08-17,,2028-07-31,707 S 6th Ave,,,Safford,AZ,85546,,,ROC,"{""#"": ""9"", ""License No"": ""021039"", ""Business Name"": ""Safford Builders Supply Co"", ""Class"": ""R-11"", ""Class Detail"": ""R-11 Electrical"", ""Class Type"": ""Specialty Residential"", ""Address"": ""707 S 6th Ave"", ""City"": ""Safford"", ""State"": ""AZ"", ""Zip"": ""85546"", ""Qualifying Party"": ""QP Exempt"", ""Issued Date"": ""1959-08-17"", ""Expiration Date"": ""2028-07-31"", ""Status"": ""Active"", ""_source_file"": ""ROC_Posting-List_2026-08-13.csv"", ""_category"": ""Residential""}"
az_roc,ROC,AZ-ROC:022528,R-11,R-11 Electrical,022528,R-11,Shields Electric Company Inc.,,Active,Specialty Residential · Category: Residential · QP: Walter Steven Donn,active,1960-09-27,,2027-08-31,2140 E 5th Street Suite 10,,,Tempe,AZ,85288,,,ROC,"{""#"": ""10"", ""License No"": ""022528"", ""Business Name"": ""Shields Electric Company Inc."", ""Class"": ""R-11"", ""Class Detail"": ""R-11 Electrical"", ""Class Type"": ""Specialty Residential"", ""Address"": ""2140 E 5th Street Suite 10"", ""City"": ""Tempe"", ""State"": ""AZ"", ""Zip"": ""85288"", ""Qualifying Party"": ""Walter Steven Donn"", ""Issued Date"": ""1960-09-27"", ""Expiration Date"": ""2027-08-31"", ""Status"": ""Active"", ""_source_file"": ""ROC_Posting-List_2026-08-13.csv"", ""_category"": ""Residential""}"
az_roc,ROC,AZ-ROC:023057,B-4,B-4 General Residential Engineering Contractor,023057,B-4,Hunter Contracting Co,,Active,General Residential · Category: Residential · QP: QP Exempt,active,1961-03-10,,2028-02-29,701 N. Cooper Road,,,Gilbert,AZ,85233,,,ROC,"{""#"": ""11"", ""License No"": ""023057"", ""Business Name"": ""Hunter Contracting Co"", ""Class"": ""B-4"", ""Class Detail"": ""B-4 General Residential Engineering Contractor"", ""Class Type"": ""General Residential"", ""Address"": ""701 N. Cooper Road"", ""City"": ""Gilbert"", ""State"": ""AZ"", ""Zip"": ""85233"", ""Qualifying Party"": ""QP Exempt"", ""Issued Date"": ""1961-03-10"", ""Expiration Date"": ""2028-02-29"", ""Status"": ""Active"", ""_source_file"": ""ROC_Posting-List_2026-08-13.csv"", ""_category"": ""Residential""}"
az_roc,ROC,AZ-ROC:023531,CR-21,CR-21 Hardscaping and Irrigation Systems,023531,CR-21,Harper's Nursery and Landscape Co,Cornerstone Irrigation Repair,Active,Specialty Dual · Category: Dual · QP: John Jay Harper,active,1961-07-28,,2027-06-30,6313 E Hodges Street,,,Cave Creek,AZ,85331,,,ROC,"{""#"": ""12"", ""License No"": ""023531"", ""Business Name"": ""Harper's Nursery and Landscape Co"", ""Doing Business As"": ""Cornerstone Irrigation Repair"", ""Class"": ""CR-21"", ""Class Detail"": ""CR-21 Hardscaping and Irrigation Systems"", ""Class Type"": ""Specialty Dual"", ""Address"": ""6313 E Hodges Street"", ""City"": ""Cave Creek"", ""State"": ""AZ"", ""Zip"": ""85331"", ""Qualifying Party"": ""John Jay Harper"", ""Issued Date"": ""1961-07-28"", ""Expiration Date"": ""2027-06-30"", ""Status"": ""Active"", ""_source_file"": ""ROC_Posting-List_2026-08-13.csv"", ""_category"": ""Dual""}"
az_roc,ROC,AZ-ROC:024287,R-37R,R-37R Plumbing,024287,R-37R,Safford Builders Supply Co,,Active,Specialty Residential · Category: Residential · QP: QP Exempt,active,1962-04-02,,2028-03-31,707 S 6th Ave,,,Safford,AZ,85546,,,ROC,"{""#"": ""13"", ""License No"": ""024287"", ""Business Name"": ""Safford Builders Supply Co"", ""Class"": ""R-37R"", ""Class Detail"": ""R-37R Plumbing"", ""Class Type"": ""Specialty Residential"", ""Address"": ""707 S 6th Ave"", ""City"": ""Safford"", ""State"": ""AZ"", ""Zip"": ""85546"", ""Qualifying Party"": ""QP Exempt"", ""Issued Date"": ""1962-04-02"", ""Expiration Date"": ""2028-03-31"", ""Status"": ""Active"", ""_source_file"": ""ROC_Posting-List_2026-08-13.csv"", ""_category"": ""Residential""}"
az_roc,ROC,AZ-ROC:024881,B,B General Residential Contractor,024881,B,Chirco Construction Co Inc,,Active,General Residential · Category: Residential · QP: QP Exempt,active,1962-09-17,,2026-08-31,3242 S Richey Ave,,,Tucson,AZ,85713,,,ROC,"{""#"": ""14"", ""License No"": ""024881"", ""Business Name"": ""Chirco Construction Co Inc"", ""Class"": ""B"", ""Class Detail"": ""B General Residential Contractor"", ""Class Type"": ""General Residential"", ""Address"": ""3242 S Richey Ave"", ""City"": ""Tucson"", ""State"": ""AZ"", ""Zip"": ""85713"", ""Qualifying Party"": ""QP Exempt"", ""Issued Date"": ""1962-09-17"", ""Expiration Date"": ""2026-08-31"", ""Status"": ""Active"", ""_source_file"": ""ROC_Posting-List_2026-08-13.csv"", ""_category"": ""Residential""}"
az_roc,ROC,AZ-ROC:025138,R-11,R-11 Electrical,025138,R-11,N J Shaum & Son Inc Electrical Contractors,,Active,Specialty Residential · Category: Residential · QP: QP Exempt,active,1962-12-17,,2026-11-30,300 S. Babbitt Dr Suite 1,,,Flagstaff,AZ,86001,,,ROC,"{""#"": ""15"", ""License No"": ""025138"", ""Business Name"": ""N J Shaum & Son Inc Electrical Contractors"", ""Class"": ""R-11"", ""Class Detail"": ""R-11 Electrical"", ""Class Type"": ""Specialty Residential"", ""Address"": ""300 S. Babbitt Dr Suite 1"", ""City"": ""Flagstaff"", ""State"": ""AZ"", ""Zip"": ""86001"", ""Qualifying Party"": ""QP Exempt"", ""Issued Date"": ""1962-12-17"", ""Expiration Date"": ""2026-11-30"", ""Status"": ""Active"", ""_source_file"": ""ROC_Posting-List_2026-08-13.csv"", ""_category"": ""Residential""}"
az_roc,ROC,AZ-ROC:025486,B,B General Residential Contractor,025486,B,Haley Construction Company,,Active,General Residential · Category: Residential · QP: QP Exempt,active,1963-04-08,,2027-03-31,P.O. Box 831,,,Prescott,AZ,86302,,,ROC,"{""#"": ""16"", ""License No"": ""025486"", ""Business Name"": ""Haley Construction Company"", ""Class"": ""B"", ""Class Detail"": ""B General Residential Contractor"", ""Class Type"": ""General Residential"", ""Address"": ""P.O. Box 831"", ""City"": ""Prescott"", ""State"": ""AZ"", ""Zip"": ""86302"", ""Qualifying Party"": ""QP Exempt"", ""Issued Date"": ""1963-04-08"", ""Expiration Date"": ""2027-03-31"", ""Status"": ""Active"", ""_source_file"": ""ROC_Posting-List_2026-08-13.csv"", ""_category"": ""Residential""}"
az_roc,ROC,AZ-ROC:025674,C-38,C-38 Signs,025674,C-38,Royal Sign Company Inc,,Active,Specialty Commercial · Category: Commercial · QP: Raymond Clark Owens,active,1963-06-03,,2028-05-31,2631 N 31st Ave,,,Phoenix,AZ,85009,,,ROC,"{""#"": ""17"", ""License No"": ""025674"", ""Business Name"": ""Royal Sign Company Inc"", ""Class"": ""C-38"", ""Class Detail"": ""C-38 Signs"", ""Class Type"": ""Specialty Commercial"", ""Address"": ""2631 N 31st Ave"", ""City"": ""Phoenix"", ""State"": ""AZ"", ""Zip"": ""85009"", ""Qualifying Party"": ""Raymond Clark Owens"", ""Issued Date"": ""1963-06-03"", ""Expiration Date"": ""2028-05-31"", ""Status"": ""Active"", ""_source_file"": ""ROC_Posting-List_2026-08-13.csv"", ""_category"": ""Commercial""}"
az_roc,ROC,AZ-ROC:027025,B,B General Residential Contractor,027025,B,Jayco Enterprises Inc,,Active,General Residential · Category: Residential · QP: QP Exempt,active,1964-08-31,,2028-07-31,PO Box 25481,,,Tempe,AZ,85285,,,ROC,"{""#"": ""18"", ""License No"": ""027025"", ""Business Name"": ""Jayco Enterprises Inc"", ""Class"": ""B"", ""Class Detail"": ""B General Residential Contractor"", ""Class Type"": ""General Residential"", ""Address"": ""PO Box 25481"", ""City"": ""Tempe"", ""State"": ""AZ"", ""Zip"": ""85285"", ""Qualifying Party"": ""QP Exempt"", ""Issued Date"": ""1964-08-31"", ""Expiration Date"": ""2028-07-31"", ""Status"": ""Active"", ""_source_file"": ""ROC_Posting-List_2026-08-13.csv"", ""_category"": ""Residential""}"
az_roc,ROC,AZ-ROC:027458,R-11,R-11 Electrical,027458,R-11,Cannon & Wendt Electric Co Inc,,Active,Specialty Residential · Category: Residential · QP: QP Exempt,active,1965-02-08,,2029-01-31,4020 N 16th St,,,Phoenix,AZ,85016,,,ROC,"{""#"": ""19"", ""License No"": ""027458"", ""Business Name"": ""Cannon & Wendt Electric Co Inc"", ""Class"": ""R-11"", ""Class Detail"": ""R-11 Electrical"", ""Class Type"": ""Specialty Residential"", ""Address"": ""4020 N 16th St"", ""City"": ""Phoenix"", ""State"": ""AZ"", ""Zip"": ""85016"", ""Qualifying Party"": ""QP Exempt"", ""Issued Date"": ""1965-02-08"", ""Expiration Date"": ""2029-01-31"", ""Status"": ""Active"", ""_source_file"": ""ROC_Posting-List_2026-08-13.csv"", ""_category"": ""Residential""}"
az_roc,ROC,AZ-ROC:028167,B-4,B-4 General Residential Engineering Contractor,028167,B-4,Desert Construction Inc,,Active,General Residential · Category: Residential · QP: Brian Alvis Short,active,1965-10-11,,2027-09-30,4490 N Hwy 66,,,Kingman,AZ,86401,,,ROC,"{""#"": ""20"", ""License No"": ""028167"", ""Business Name"": ""Desert Construction Inc"", ""Class"": ""B-4"", ""Class Detail"": ""B-4 General Residential Engineering Contractor"", ""Class Type"": ""General Residential"", ""Address"": ""4490 N Hwy 66"", ""City"": ""Kingman"", ""State"": ""AZ"", ""Zip"": ""86401"", ""Qualifying Party"": ""Brian Alvis Short"", ""Issued Date"": ""1965-10-11"", ""Expiration Date"": ""2027-09-30"", ""Status"": ""Active"", ""_source_file"": ""ROC_Posting-List_2026-08-13.csv"", ""_category"": ""Residential""}"
az_roc,ROC,AZ-ROC:028256,R-9,R-9 Concrete,028256,R-9,John Joseph Gainey,J J Gainey Concrete,Active,Specialty Residential · Category: Residential · QP: John Joseph Gainey,active,1965-11-29,,2027-10-31,1421 S 11th Ave,,,Yuma,AZ,85364-4559,,,ROC,"{""#"": ""21"", ""License No"": ""028256"", ""Business Name"": ""John Joseph Gainey"", ""Doing Business As"": ""J J Gainey Concrete"", ""Class"": ""R-9"", ""Class Detail"": ""R-9 Concrete"", ""Class Type"": ""Specialty Residential"", ""Address"": ""1421 S 11th Ave"", ""City"": ""Yuma"", ""State"": ""AZ"", ""Zip"": ""85364-4559"", ""Qualifying Party"": ""John Joseph Gainey"", ""Issued Date"": ""1965-11-29"", ""Expiration Date"": ""2027-10-31"", ""Status"": ""Active"", ""_source_file"": ""ROC_Posting-List_2026-08-13.csv"", ""_category"": ""Residential""}"
az_roc,ROC,AZ-ROC:028410,B-6,B-6 General Swimming Pool Contractor Including Solar,028410,B-6,Shasta Industries Inc,Shasta Pools,Active,General Residential · Category: Residential · QP: Gregory Harrison Davis,active,1966-02-21,,2027-01-31,3750 W Indian School Rd,,,Phoenix,AZ,85019,,,ROC,"{""#"": ""22"", ""License No"": ""028410"", ""Business Name"": ""Shasta Industries Inc"", ""Doing Business As"": ""Shasta Pools"", ""Class"": ""B-6"", ""Class Detail"": ""B-6 General Swimming Pool Contractor Including Solar"", ""Class Type"": ""General Residential"", ""Address"": ""3750 W Indian School Rd"", ""City"": ""Phoenix"", ""State"": ""AZ"", ""Zip"": ""85019"", ""Qualifying Party"": ""Gregory Harrison Davis"", ""Issued Date"": ""1966-02-21"", ""Expiration Date"": ""2027-01-31"", ""Status"": ""Active"", ""_source_file"": ""ROC_Posting-List_2026-08-13.csv"", ""_category"": ""Residential""}"
az_roc,ROC,AZ-ROC:028615,R-2,R-2 Excavating Grading and Oil Surfacing,028615,R-2,Dunbar Stone Company,,Active,Specialty Residential · Category: Residential · QP: Gerald Edwin Dunbar,active,1966-05-02,,2028-04-30,PO Box 430,,,Chino Valley,AZ,86323,,,ROC,"{""#"": ""23"", ""License No"": ""028615"", ""Business Name"": ""Dunbar Stone Company"", ""Class"": ""R-2"", ""Class Detail"": ""R-2 Excavating Grading and Oil Surfacing"", ""Class Type"": ""Specialty Residential"", ""Address"": ""PO Box 430"", ""City"": ""Chino Valley"", ""State"": ""AZ"", ""Zip"": ""86323"", ""Qualifying Party"": ""Gerald Edwin Dunbar"", ""Issued Date"": ""1966-05-02"", ""Expiration Date"": ""2028-04-30"", ""Status"": ""Active"", ""_source_file"": ""ROC_Posting-List_2026-08-13.csv"", ""_category"": ""Residential""}"
az_roc,ROC,AZ-ROC:030135,B,B General Residential Contractor,030135,B,Central Construction Co,,Active,General Residential · Category: Residential · QP: QP Exempt,active,1968-03-18,,2028-02-29,1256 W Chandler Blvd Ste E,,,Chandler,AZ,85224,,,ROC,"{""#"": ""24"", ""License No"": ""030135"", ""Business Name"": ""Central Construction Co"", ""Class"": ""B"", ""Class Detail"": ""B General Residential Contractor"", ""Class Type"": ""General Residential"", ""Address"": ""1256 W Chandler Blvd Ste E"", ""City"": ""Chandler"", ""State"": ""AZ"", ""Zip"": ""85224"", ""Qualifying Party"": ""QP Exempt"", ""Issued Date"": ""1968-03-18"", ""Expiration Date"": ""2028-02-29"", ""Status"": ""Active"", ""_source_file"": ""ROC_Posting-List_2026-08-13.csv"", ""_category"": ""Residential""}"
az_roc,ROC,AZ-ROC:030265,R-37R,R-37R Plumbing,030265,R-37R,Apperson Plumbing Service Inc,,Active,Specialty Residential · Category: Residential · QP: Jeffrey Lee Eppley,active,1968-05-06,,2027-04-30,4440 N La Cholla Blvd,,,Tucson,AZ,85705,,,ROC,"{""#"": ""25"", ""License No"": ""030265"", ""Business Name"": ""Apperson Plumbing Service Inc"", ""Class"": ""R-37R"", ""Class Detail"": ""R-37R Plumbing"", ""Class Type"": ""Specialty Residential"", ""Address"": ""4440 N La Cholla Blvd"", ""City"": ""Tucson"", ""State"": ""AZ"", ""Zip"": ""85705"", ""Qualifying Party"": ""Jeffrey Lee Eppley"", ""Issued Date"": ""1968-05-06"", ""Expiration Date"": ""2027-04-30"", ""Status"": ""Active"", ""_source_file"": ""ROC_Posting-List_2026-08-13.csv"", ""_category"": ""Residential""}"
