#,License No,Business Name,Doing Business As,Class,Class Detail,Class Type,Address,City,State,Zip,Qualifying Party,Issued Date,Expiration Date,Status
1,002386,Phoenix Tent and Awning Company,,CR-3,CR-3 Awnings Canopies Carports and Patio Covers,Specialty Dual,2829 E. McDowell Rd.,Phoenix,AZ,85008,QP Exempt,1933-07-01,2027-06-30,Active
2,016349,American Fence Company Of Arizona Inc,,CR-14,CR-14 Fencing,Specialty Dual,2502 N. 27th Avenue,Phoenix,AZ,85009,QP Exempt,1954-09-07,2027-08-31,Active
3,016899,Copper King Electric Co Inc,,R-11,R-11 Electrical,Specialty Residential,4325 East Vista Drive,Phoenix,AZ,85032,QP Exempt,1955-04-12,2028-03-31,Active
4,017842,Custom Roofing Co Inc,,CR-42,CR-42 Roofing,Specialty Dual,320 S 40th place,Phoenix,AZ,85034,William Dean Hill,1956-07-02,2028-06-30,Active
5,019133,Chas Roberts Air Conditioning Inc,,R-39R,R-39R Air Conditioning and Refrigeration,Specialty Residential,9828 N 19TH AVE,PHOENIX,AZ,85021-1906,Roberta Rae Shank,1957-12-03,2026-12-31,Active
6,020039,Rincon Air Conditioning and Heating Co Inc,,R-39R,R-39R Air Conditioning and Refrigeration,Specialty Residential,4810 E Speedway Blvd,Tucson,AZ,85712,Neil Allen Chamberlain,1958-09-26,2027-08-31,Active
7,020095,Southern Arizona York Contracting Company,Sayco Heating and Air Conditioning,R-39R,R-39R Air Conditioning and Refrigeration,Specialty Residential,350 E. Prince Rd.,Tucson,AZ,85705,Anthony Karl Sanchez,1958-10-28,2028-09-30,Active
8,021038,Safford Builders Supply Co,,B,B General Residential Contractor,General Residential,707 S 6th Ave,Safford,AZ,85546,QP Exempt,1959-08-17,2028-07-31,Active
11,023057,Hunter Contracting Co,,B-4,B-4 General Residential Engineering Contractor,General Residential,701 N. Cooper Road,Gilbert,AZ,85233,QP Exempt,1961-03-10,2028-02-29,Active
12,023531,Harper's Nursery and Landscape Co,Cornerstone Irrigation Repair,CR-21,CR-21 Hardscaping and Irrigation Systems,Specialty Dual,6313 E Hodges Street,Cave Creek,AZ,85331,John Jay Harper,1961-07-28,2027-06-30,Active
14,024881,Chirco Construction Co Inc,,B,B General Residential Contractor,General Residential,3242 S Richey Ave,Tucson,AZ,85713,QP Exempt,1962-09-17,2026-08-31,Active
16,025486,Haley Construction Company,,B,B General Residential Contractor,General Residential,P.O. Box 831,Prescott,AZ,86302,QP Exempt,1963-04-08,2027-03-31,Active
17,025674,Royal Sign Company Inc,,C-38,C-38 Signs,Specialty Commercial,2631 N 31st Ave,Phoenix,AZ,85009,Raymond Clark Owens,1963-06-03,2028-05-31,Active
18,027025,Jayco Enterprises Inc,,B,B General Residential Contractor,General Residential,PO Box 25481,Tempe,AZ,85285,QP Exempt,1964-08-31,2028-07-31,Active
37,033030,Saguaro Drywall Company,,CR-10,CR-10 Drywall,Specialty Dual,2317 E Lone Cactus Dr,Phoenix,AZ,85024,Max Allan Peevyhouse,1970-12-14,2027-11-30,Active
42,033829,Basic Drilling Co,,CR-41,CR-41 Septic Tanks and Systems,Specialty Dual,PO Box 52440,Mesa,AZ,85208,QP Exempt,1971-07-06,2027-06-30,Active
458,067940,Copper King Electric Co Inc,,C-11,C-11 Electrical,Specialty Commercial,4325 E Vista Dr,Phoenix,AZ,85032,QP Exempt,1987-07-01,2027-11-30,Active
460,067966,K & H Electric Inc,,C-11,C-11 Electrical,Specialty Commercial,7229 N. 62nd Ave,Glendale,AZ,85301,Cody Vinyard,1987-07-01,2027-08-31,Active
461,067969,Kitchell Contractors Inc of Arizona,,B-1,B-1 General Commercial Contractor,General Commercial,1707 E. Highland Avenue,Phoenix,AZ,85016,QP Exempt,1987-07-01,2026-11-30,Active
462,067982,Okland Construction Company Inc,,B-1,B-1 General Commercial Contractor,General Commercial,1978 S. West Temple,Salt Lake City,UT,84115,Jordan Andrew Schell,1987-07-01,2027-11-30,Active
463,067986,Porter Bros Inc,Porter Brothers,B-1,B-1 General Commercial Contractor,General Commercial,1285 N Fiesta Blvd,Gilbert,AZ,85233,Gary Stanley Porter,1987-07-01,2026-10-31,Active
464,067990,Qualtire Plumbing & Construction Acc,,C-37,C-37 Plumbing,Specialty Commercial,3518 W Bethany Home Rd,Phoenix,AZ,85019,Dennis Alexander Qualtire,1987-07-01,2026-12-31,Active
467,068012,Sundt Construction Inc,,A,A General Engineering,General Commercial,2620 S. 55th Street,Tempe,AZ,85282,QP Exempt,1987-07-01,2026-11-30,Active
468,068013,Sundt Construction Inc,,B-1,B-1 General Commercial Contractor,General Commercial,2620 S. 55th Street,Tempe,AZ,85282,QP Exempt,1987-07-01,2027-11-30,Active
626,070575,Wadsworth Golf Construction Company Of The Southwest,,KE,KE As Restricted by the Registrar,General Dual,13941 S Van Dyke Rd,Plainfield,IL,60544,Patrick Thomas Karnick,1987-11-18,2028-08-31,Active
827,073005,Southern Bleacher Company Inc,,KE,KE As Restricted by the Registrar,General Dual,PO Box 1,Graham,TX,76450,QP Exempt,1987-12-18,2027-08-31,Active
839,073207,Brown and White Inc,,KE,KE As Restricted by the Registrar,General Dual,P. O. Box 27283,Tucson,AZ,85726,Peter Alonso Granillo,1987-12-22,2028-06-30,Active
865,073474,American Fence Company Of Arizona Inc,,KO,KO As Restricted by the Registrar,General Dual,2502 N. 27th Avenue,Phoenix,AZ,85009,QP Exempt,1987-12-23,2027-09-30,Active
930,074467,S and L Contracting Co,,KE,KE As Restricted by the Registrar,General Dual,P.O. Box 23970,Phoenix,AZ,85063,James Matthew Lisac,1987-12-31,2028-06-30,Active
968,075287,Wecom LLC,,KE,KE As Restricted by the Registrar,General Dual,3028 E Sunset Rd,Las Vegas,NV,89120-2708,Jack Edmond Trahan,1988-02-03,2028-01-31,Active
