source_dataset,source_row,native_key,native_holder_or_license_id,credential_class,source_status,is_current_active,holder_name_raw,associated_business_name_raw,holder_authority_code,classification,existing_business_id,new_business_candidate_key,reason_code
ny_elevator,2,Elevator Contractor License (SH131):23-6ITY6-SHEL,23-6ITY6-SHEL,Elevator Contractor License (SH131),Expired,NO,AC Elevator Industries Inc.,,c1d787d1b7,CREDENTIAL_ONLY,,,939a0ec586
ny_elevator,3,Elevator Contractor License (SH131):26-6LSSN-SHEL,26-6LSSN-SHEL,Elevator Contractor License (SH131),Active,YES,AMBER ELEVATOR INSPECTIONS INC.,,c1d787d1b7,CREDENTIAL_ONLY,,,939a0ec586
ny_elevator,4,Elevator Contractor License (SH131):25-6IROI-SHEL,25-6IROI-SHEL,Elevator Contractor License (SH131),Active,YES,"Access Elevator & Lift, Inc",,c1d787d1b7,CREDENTIAL_ONLY,,,939a0ec586
ny_elevator,5,Elevator Contractor License (SH131):25-6HS97-SHEL,25-6HS97-SHEL,Elevator Contractor License (SH131),Active,YES,Accountable Energy Solutions LLC,,c1d787d1b7,CREDENTIAL_ONLY,,,939a0ec586
ny_elevator,6,Elevator Contractor License (SH131):1312200157,1312200157,Elevator Contractor License (SH131),Expired,NO,Admiral Elevator Corp.,,c1d787d1b7,CREDENTIAL_ONLY,,,939a0ec586
ny_elevator,7,Elevator Inspection Contractor License (SH131):23-6LCN1-SHEL,23-6LCN1-SHEL,Elevator Inspection Contractor License (SH131),Expired,NO,"Alliance Elevator Company, LLC",,c1d787d1b7,CREDENTIAL_ONLY,,,939a0ec586
ny_elevator,8,Elevator Inspection Contractor License (SH131):24-6Z8YB-SHEL,24-6Z8YB-SHEL,Elevator Inspection Contractor License (SH131),Expired,NO,Alrac Escalators LLC,,c1d787d1b7,CREDENTIAL_ONLY,,,939a0ec586
ny_elevator,9,Elevator Inspection Contractor License (SH131):25-61QLC-SHEL,25-61QLC-SHEL,Elevator Inspection Contractor License (SH131),Active,YES,Ascend Consulting Group LLC,,c1d787d1b7,CREDENTIAL_ONLY,,,939a0ec586
ny_elevator,10,Elevator Contractor License (SH131):26-69CFD-SHEL,26-69CFD-SHEL,Elevator Contractor License (SH131),Active,YES,Atta Elevators New York Inc.,,c1d787d1b7,CREDENTIAL_ONLY,,,939a0ec586
ny_elevator,11,Elevator Contractor License (SH131):1312200193,1312200193,Elevator Contractor License (SH131),Expired,NO,Automated Elevator Systems,,c1d787d1b7,CREDENTIAL_ONLY,,,939a0ec586
ny_elevator,12,Elevator Contractor License (SH131):25-61EVQ-SHEL,25-61EVQ-SHEL,Elevator Contractor License (SH131),Active,YES,Banton Elevator LLC,,c1d787d1b7,CREDENTIAL_ONLY,,,939a0ec586
ny_elevator,13,Elevator Inspection Contractor License (SH131):26-66B67-SHEL,26-66B67-SHEL,Elevator Inspection Contractor License (SH131),Active,YES,"Bergan-Passaic Elevator of NY, Inc",,c1d787d1b7,CREDENTIAL_ONLY,,,939a0ec586
ny_elevator,14,Elevator Contractor License (SH131):24-6AKFG-SHEL,24-6AKFG-SHEL,Elevator Contractor License (SH131),Expired,NO,Built Elevators & Enterprises Inc,,c1d787d1b7,CREDENTIAL_ONLY,,,939a0ec586
ny_elevator,15,Elevator Contractor License (SH131):25-6L6OR-SHEL,25-6L6OR-SHEL,Elevator Contractor License (SH131),Active,YES,CHAMPION ELEVATOR CORPORATION,,c1d787d1b7,CREDENTIAL_ONLY,,,939a0ec586
ny_elevator,16,Elevator Contractor License (SH131):26-6A8EV-SHEL,26-6A8EV-SHEL,Elevator Contractor License (SH131),Active,YES,Centennial Elevator Industries Inc,,c1d787d1b7,CREDENTIAL_ONLY,,,939a0ec586
ny_elevator,17,Elevator Contractor License (SH131):26-67SS5-SHEL,26-67SS5-SHEL,Elevator Contractor License (SH131),Active,YES,Close Loop Operations,,c1d787d1b7,CREDENTIAL_ONLY,,,939a0ec586
ny_elevator,18,Elevator Contractor License (SH131):25-6IBSK-SHEL,25-6IBSK-SHEL,Elevator Contractor License (SH131),Active,YES,"D.C.B. ELEVATOR CO., INC.",,c1d787d1b7,CREDENTIAL_ONLY,,,939a0ec586
ny_elevator,19,Elevator Inspection Contractor License (SH131):26-6LFRX-SHEL,26-6LFRX-SHEL,Elevator Inspection Contractor License (SH131),Active,YES,"Day Accessibility & Mobility Solutions, Inc.",,c1d787d1b7,CREDENTIAL_ONLY,,,939a0ec586
ny_elevator,20,Elevator Contractor License (SH131):1312200195,1312200195,Elevator Contractor License (SH131),Expired,NO,"Dura-Lift, Inc",,c1d787d1b7,CREDENTIAL_ONLY,,,939a0ec586
ny_elevator,21,Elevator Contractor License (SH131):1312200218,1312200218,Elevator Contractor License (SH131),Expired,NO,E3Tech LLC,,c1d787d1b7,CREDENTIAL_ONLY,,,939a0ec586
ny_elevator,22,Elevator Contractor License (SH131):1312300260,1312300260,Elevator Contractor License (SH131),Expired,NO,"EazyLift Albany, LLC",,c1d787d1b7,CREDENTIAL_ONLY,,,939a0ec586
ny_elevator,23,Elevator Inspection Contractor License (SH131):1312200209,1312200209,Elevator Inspection Contractor License (SH131),Expired,NO,Elevator Consulting / Inspections & Tests LLC,,c1d787d1b7,CREDENTIAL_ONLY,,,939a0ec586
ny_elevator,24,Elevator Contractor License (SH131):26-6LQS7-SHEL,26-6LQS7-SHEL,Elevator Contractor License (SH131),Active,YES,Elevator Refurbishing Corp.,,c1d787d1b7,CREDENTIAL_ONLY,,,939a0ec586
ny_elevator,25,Elevator Contractor License (SH131):25-6HZB5-SHEL,25-6HZB5-SHEL,Elevator Contractor License (SH131),Active,YES,Elite Elevator of New York LLC,,c1d787d1b7,CREDENTIAL_ONLY,,,939a0ec586
ny_elevator,26,Elevator Contractor License (SH131):1312200180,1312200180,Elevator Contractor License (SH131),Expired,NO,Epic Elevator NYC Incorporated,,c1d787d1b7,CREDENTIAL_ONLY,,,939a0ec586
ny_elevator,27,Elevator Contractor License (SH131):26-69NJZ-SHEL,26-69NJZ-SHEL,Elevator Contractor License (SH131),Active,YES,FORMA ELEVATOR GROUP INC,,c1d787d1b7,CREDENTIAL_ONLY,,,939a0ec586
ny_elevator,28,Elevator Inspection Contractor License (SH131):23-6LP4D-SHEL,23-6LP4D-SHEL,Elevator Inspection Contractor License (SH131),Expired,NO,First Choice Elevator Inc.,,c1d787d1b7,CREDENTIAL_ONLY,,,939a0ec586
ny_elevator,29,Elevator Contractor License (SH131):26-67Z6O-SHEL,26-67Z6O-SHEL,Elevator Contractor License (SH131),Active,YES,"Flower City Elevator, Inc.",,c1d787d1b7,CREDENTIAL_ONLY,,,939a0ec586
ny_elevator,30,Elevator Inspection Contractor License (SH131):24-6ZUL1-SHEL,24-6ZUL1-SHEL,Elevator Inspection Contractor License (SH131),Expired,NO,GOLDEN ELEVATOR CO. INC.,,c1d787d1b7,CREDENTIAL_ONLY,,,939a0ec586
ny_elevator,31,Elevator Contractor License (SH131):25-6LY9Z-SHEL,25-6LY9Z-SHEL,Elevator Contractor License (SH131),Active,YES,Gotham Elevator Inspection Inc,,c1d787d1b7,CREDENTIAL_ONLY,,,939a0ec586
ny_elevator,32,Elevator Inspection Contractor License (SH131):25-6L4UH-SHEL,25-6L4UH-SHEL,Elevator Inspection Contractor License (SH131),Active,YES,"H.P. Elevator and Electrical Services, Inc.",,c1d787d1b7,CREDENTIAL_ONLY,,,939a0ec586
ny_elevator,33,Elevator Contractor License (SH131):26-9YBHD-SHEL,26-9YBHD-SHEL,Elevator Contractor License (SH131),Active,YES,Hanna Elevator Company LLC,,c1d787d1b7,CREDENTIAL_ONLY,,,939a0ec586
ny_elevator,34,Elevator Contractor License (SH131):26-658UC-SHEL,26-658UC-SHEL,Elevator Contractor License (SH131),Active,YES,Highride Elevator Services Inc,,c1d787d1b7,CREDENTIAL_ONLY,,,939a0ec586
ny_elevator,35,Elevator Inspection Contractor License (SH131):25-6LJ55-SHEL,25-6LJ55-SHEL,Elevator Inspection Contractor License (SH131),Active,YES,"ISLAND ELEVATOR INSPECTION, INC.",,c1d787d1b7,CREDENTIAL_ONLY,,,939a0ec586
ny_elevator,36,Elevator Contractor License (SH131):25-61ELZ-SHEL,25-61ELZ-SHEL,Elevator Contractor License (SH131),Active,YES,"Innocore Pro Elevator, Inc.",,c1d787d1b7,CREDENTIAL_ONLY,,,939a0ec586
ny_elevator,37,Elevator Contractor License (SH131):25-6HS95-SHEL,25-6HS95-SHEL,Elevator Contractor License (SH131),Active,YES,Ionic Elevator LTD.,,c1d787d1b7,CREDENTIAL_ONLY,,,939a0ec586
ny_elevator,38,Elevator Inspection Contractor License (SH131):25-61C9L-SHEL,25-61C9L-SHEL,Elevator Inspection Contractor License (SH131),Active,YES,Jam Electrical Corp,,c1d787d1b7,CREDENTIAL_ONLY,,,939a0ec586
ny_elevator,39,Elevator Inspection Contractor License (SH131):25-61KEE-SHEL,25-61KEE-SHEL,Elevator Inspection Contractor License (SH131),Active,YES,K & J Lift Inc.,,c1d787d1b7,CREDENTIAL_ONLY,,,939a0ec586
ny_elevator,40,Elevator Contractor License (SH131):25-65E56-SHEL,25-65E56-SHEL,Elevator Contractor License (SH131),Active,YES,"Kings III of America, LLC",,c1d787d1b7,CREDENTIAL_ONLY,,,939a0ec586
ny_elevator,41,Elevator Contractor License (SH131):1312200203,1312200203,Elevator Contractor License (SH131),Expired,NO,LBOE INC.,,c1d787d1b7,CREDENTIAL_ONLY,,,939a0ec586
ny_elevator,42,Elevator Inspection Contractor License (SH131):25-67UI6-SHEL,25-67UI6-SHEL,Elevator Inspection Contractor License (SH131),Active,YES,Lerch Bates Inspection Services LLC,,c1d787d1b7,CREDENTIAL_ONLY,,,939a0ec586
ny_elevator,43,Elevator Contractor License (SH131):26-63PCL-SHEL,26-63PCL-SHEL,Elevator Contractor License (SH131),Active,YES,"Lift Elevator, LLC",,c1d787d1b7,CREDENTIAL_ONLY,,,939a0ec586
ny_elevator,44,Elevator Contractor License (SH131):25-6IGYV-SHEL,25-6IGYV-SHEL,Elevator Contractor License (SH131),Active,YES,MAJOR ELEVATOR CORP.,,c1d787d1b7,CREDENTIAL_ONLY,,,939a0ec586
ny_elevator,45,Elevator Contractor License (SH131):25-6IGFS-SHEL,25-6IGFS-SHEL,Elevator Contractor License (SH131),Active,YES,"McGee Elevator, Inc.",,c1d787d1b7,CREDENTIAL_ONLY,,,939a0ec586
ny_elevator,46,Elevator Contractor License (SH131):25-6IGBJ-SHEL,25-6IGBJ-SHEL,Elevator Contractor License (SH131),Active,YES,"Metro Elevator NY NJ, Inc.",,c1d787d1b7,CREDENTIAL_ONLY,,,939a0ec586
ny_elevator,47,Elevator Contractor License (SH131):25-61Q6R-SHEL,25-61Q6R-SHEL,Elevator Contractor License (SH131),Active,YES,"Millennium Elevator Enterprises, LLC",,c1d787d1b7,CREDENTIAL_ONLY,,,939a0ec586
ny_elevator,48,Elevator Inspection Contractor License (SH131):25-6LCHJ-SHEL,25-6LCHJ-SHEL,Elevator Inspection Contractor License (SH131),Active,YES,Moving Up Lifts Inc,,c1d787d1b7,CREDENTIAL_ONLY,,,939a0ec586
ny_elevator,49,Elevator Contractor License (SH131):1312200197,1312200197,Elevator Contractor License (SH131),Expired,NO,NY / NJ Elevator Corp.,,c1d787d1b7,CREDENTIAL_ONLY,,,939a0ec586
ny_elevator,50,Elevator Inspection Contractor License (SH131):25-61KXS-SHEL,25-61KXS-SHEL,Elevator Inspection Contractor License (SH131),Active,YES,New York Elevator Consultants Incorporated,,c1d787d1b7,CREDENTIAL_ONLY,,,939a0ec586
ny_elevator,51,Elevator Inspection Contractor License (SH131):25-6LGZL-SHEL,25-6LGZL-SHEL,Elevator Inspection Contractor License (SH131),Active,YES,Newmont Elevator Analyst INC,,c1d787d1b7,CREDENTIAL_ONLY,,,939a0ec586
ny_elevator,52,Elevator Contractor License (SH131):25-6ZZRD-SHEL,25-6ZZRD-SHEL,Elevator Contractor License (SH131),Active,YES,North American Elevator Inc.,,c1d787d1b7,CREDENTIAL_ONLY,,,939a0ec586
ny_elevator,53,Elevator Contractor License (SH131):25-61EEB-SHEL,25-61EEB-SHEL,Elevator Contractor License (SH131),Active,YES,Nouveau Elevator Industries LLC,,c1d787d1b7,CREDENTIAL_ONLY,,,939a0ec586
ny_elevator,54,Elevator Contractor License (SH131):25-61X79-SHEL,25-61X79-SHEL,Elevator Contractor License (SH131),Active,YES,Orange County Elevator LLC,,c1d787d1b7,CREDENTIAL_ONLY,,,939a0ec586
ny_elevator,55,Elevator Contractor License (SH131):26-69X4G-SHEL,26-69X4G-SHEL,Elevator Contractor License (SH131),Active,YES,PF Spring LLC,,c1d787d1b7,CREDENTIAL_ONLY,,,939a0ec586
ny_elevator,56,Elevator Contractor License (SH131):24-6I6SX-SHEL,24-6I6SX-SHEL,Elevator Contractor License (SH131),Expired,NO,"Parkline Elevator Cabs, Inc.",,c1d787d1b7,CREDENTIAL_ONLY,,,939a0ec586
ny_elevator,57,Elevator Inspection Contractor License (SH131):25-61G7I-SHEL,25-61G7I-SHEL,Elevator Inspection Contractor License (SH131),Active,YES,Pinnacle Elevator Solutions LLC,,c1d787d1b7,CREDENTIAL_ONLY,,,939a0ec586
ny_elevator,58,Elevator Contractor License (SH131):26-6HF7O-SHEL,26-6HF7O-SHEL,Elevator Contractor License (SH131),Active,YES,Precision Elevator Corp.,,c1d787d1b7,CREDENTIAL_ONLY,,,939a0ec586
ny_elevator,59,Elevator Contractor License (SH131):24-6AOBO-SHEL,24-6AOBO-SHEL,Elevator Contractor License (SH131),Expired,NO,Rails Elevator Inc,,c1d787d1b7,CREDENTIAL_ONLY,,,939a0ec586
ny_elevator,60,Elevator Inspection Contractor License (SH131):25-6LYB1-SHEL,25-6LYB1-SHEL,Elevator Inspection Contractor License (SH131),Active,YES,Richmond Elevator Co.,,c1d787d1b7,CREDENTIAL_ONLY,,,939a0ec586
ny_elevator,61,Elevator Contractor License (SH131):1312300257,1312300257,Elevator Contractor License (SH131),Expired,NO,Ryan Engell,,c1d787d1b7,CREDENTIAL_ONLY,,,939a0ec586
ny_elevator,62,Elevator Contractor License (SH131):26-641FG-SHEL,26-641FG-SHEL,Elevator Contractor License (SH131),Active,YES,START ELEVATOR LLC,,c1d787d1b7,CREDENTIAL_ONLY,,,939a0ec586
ny_elevator,63,Elevator Inspection Contractor License (SH131):23-6IB5Y-SHEL,23-6IB5Y-SHEL,Elevator Inspection Contractor License (SH131),Expired,NO,Signature Elevator Maintenance Inc.,,c1d787d1b7,CREDENTIAL_ONLY,,,939a0ec586
ny_elevator,64,Elevator Contractor License (SH131):26-6Z34O-SHEL,26-6Z34O-SHEL,Elevator Contractor License (SH131),Active,YES,Solid Service Elevator Corporation,,c1d787d1b7,CREDENTIAL_ONLY,,,939a0ec586
ny_elevator,65,Elevator Contractor License (SH131):25-6H8V7-SHEL,25-6H8V7-SHEL,Elevator Contractor License (SH131),Active,YES,South Lift Corporation,,c1d787d1b7,CREDENTIAL_ONLY,,,939a0ec586
ny_elevator,66,Elevator Contractor License (SH131):25-6HPI4-SHEL,25-6HPI4-SHEL,Elevator Contractor License (SH131),Active,YES,Strong Elevator Service LLC,,c1d787d1b7,CREDENTIAL_ONLY,,,939a0ec586
ny_elevator,67,Elevator Contractor License (SH131):23-6IRB4-SHEL,23-6IRB4-SHEL,Elevator Contractor License (SH131),Expired,NO,"Syracuse Elevator Co., LLC",,c1d787d1b7,CREDENTIAL_ONLY,,,939a0ec586
ny_elevator,68,Elevator Contractor License (SH131):25-63C6P-SHEL,25-63C6P-SHEL,Elevator Contractor License (SH131),Active,YES,THE PEELLE COMPANY,,c1d787d1b7,CREDENTIAL_ONLY,,,939a0ec586
ny_elevator,69,Elevator Inspection Contractor License (SH131):24-6ZA5Q-SHEL,24-6ZA5Q-SHEL,Elevator Inspection Contractor License (SH131),Expired,NO,"Tectonic Engineering Consultants, Geologists, & La",,c1d787d1b7,CREDENTIAL_ONLY,,,939a0ec586
ny_elevator,70,Elevator Inspection Contractor License (SH131):25-6U6CC-SHEL,25-6U6CC-SHEL,Elevator Inspection Contractor License (SH131),Active,YES,Triboro Elevator Consultants LLC,,c1d787d1b7,CREDENTIAL_ONLY,,,939a0ec586
ny_elevator,71,Elevator Contractor License (SH131):23-6UH8T-SHEL,23-6UH8T-SHEL,Elevator Contractor License (SH131),Expired,NO,UNIVERSAL ELEVATOR GROUP LLC,,c1d787d1b7,CREDENTIAL_ONLY,,,939a0ec586
ny_elevator,72,Elevator Inspection Contractor License (SH131):23-6L5HU-SHEL,23-6L5HU-SHEL,Elevator Inspection Contractor License (SH131),Expired,NO,United Elevator Inspection & Consulting Co. Inc.,,c1d787d1b7,CREDENTIAL_ONLY,,,939a0ec586
ny_elevator,73,Elevator Inspection Contractor License (SH131):26-66FD4-SHEL,26-66FD4-SHEL,Elevator Inspection Contractor License (SH131),Active,YES,"Urban Engineers of New York, D.P.C.",,c1d787d1b7,CREDENTIAL_ONLY,,,939a0ec586
ny_elevator,74,Elevator Inspection Contractor License (SH131):26-6IAZU-SHEL,26-6IAZU-SHEL,Elevator Inspection Contractor License (SH131),Active,YES,Vertical Operating Services LLC,,c1d787d1b7,CREDENTIAL_ONLY,,,939a0ec586
ny_elevator,75,Elevator Contractor License (SH131):26-6A7CE-SHEL,26-6A7CE-SHEL,Elevator Contractor License (SH131),Active,YES,Vista Elevator Technologies LLC,,c1d787d1b7,CREDENTIAL_ONLY,,,939a0ec586
ny_elevator,76,Elevator Contractor License (SH131):24-6SHCT-SHEL,24-6SHCT-SHEL,Elevator Contractor License (SH131),Expired,NO,"Waymark Elevator, Inc.",,c1d787d1b7,CREDENTIAL_ONLY,,,939a0ec586
ny_elevator,77,Elevator Contractor License (SH131):25-64VDH-SHEL,25-64VDH-SHEL,Elevator Contractor License (SH131),Expired,NO,capacity elevator industries corporation,,c1d787d1b7,CREDENTIAL_ONLY,,,939a0ec586
ny_elevator,78,Elevator Contractor License (SH131):26-6IRG4-SHEL,26-6IRG4-SHEL,Elevator Contractor License (SH131),Active,YES,ACCESSIBLE RESOURCES LLC,,c1d787d1b7,CREDENTIAL_ONLY,,,939a0ec586
ny_elevator,79,Elevator Inspection Contractor License (SH131):1312300259,1312300259,Elevator Inspection Contractor License (SH131),Expired,NO,ATAB LLC,,c1d787d1b7,CREDENTIAL_ONLY,,,939a0ec586
ny_elevator,80,Elevator Contractor License (SH131):25-6LOXJ-SHEL,25-6LOXJ-SHEL,Elevator Contractor License (SH131),Active,YES,"Access Elevator, Ltd.",,c1d787d1b7,CREDENTIAL_ONLY,,,939a0ec586
ny_elevator,81,Elevator Inspection Contractor License (SH131):26-6LVUJ-SHEL,26-6LVUJ-SHEL,Elevator Inspection Contractor License (SH131),Active,YES,Ace Elevator Inspection Corp,,c1d787d1b7,CREDENTIAL_ONLY,,,939a0ec586
ny_elevator,82,Elevator Inspection Contractor License (SH131):25-6I5SE-SHEL,25-6I5SE-SHEL,Elevator Inspection Contractor License (SH131),Active,YES,"All Safe Inspections, LLC",,c1d787d1b7,CREDENTIAL_ONLY,,,939a0ec586
ny_elevator,83,Elevator Contractor License (SH131):26-6LLXN-SHEL,26-6LLXN-SHEL,Elevator Contractor License (SH131),Active,YES,"Alliance Elevator Company, LLC",,c1d787d1b7,CREDENTIAL_ONLY,,,939a0ec586
ny_elevator,84,Elevator Contractor License (SH131):25-6LQSD-SHEL,25-6LQSD-SHEL,Elevator Contractor License (SH131),Active,YES,"An Excelsior Elevator, Corp",,c1d787d1b7,CREDENTIAL_ONLY,,,939a0ec586
ny_elevator,85,Elevator Contractor License (SH131):25-65658-SHEL,25-65658-SHEL,Elevator Contractor License (SH131),Active,YES,Ascend NY Elevators LLC,,c1d787d1b7,CREDENTIAL_ONLY,,,939a0ec586
ny_elevator,86,Elevator Inspection Contractor License (SH131):25-6HOAV-SHEL,25-6HOAV-SHEL,Elevator Inspection Contractor License (SH131),Active,YES,AuditMate Inc.,,c1d787d1b7,CREDENTIAL_ONLY,,,939a0ec586
ny_elevator,87,Elevator Contractor License (SH131):25-6L8TU-SHEL,25-6L8TU-SHEL,Elevator Contractor License (SH131),Active,YES,BISON ELEVATOR SERVICE INC.,,c1d787d1b7,CREDENTIAL_ONLY,,,939a0ec586
ny_elevator,88,Elevator Inspection Contractor License (SH131):25-61EVO-SHEL,25-61EVO-SHEL,Elevator Inspection Contractor License (SH131),Active,YES,Banton Elevator LLC,,c1d787d1b7,CREDENTIAL_ONLY,,,939a0ec586
ny_elevator,89,Elevator Contractor License (SH131):26-66B65-SHEL,26-66B65-SHEL,Elevator Contractor License (SH131),Active,YES,"Bergan-Passaic Elevator of NY, Inc",,c1d787d1b7,CREDENTIAL_ONLY,,,939a0ec586
ny_elevator,90,Elevator Inspection Contractor License (SH131):26-6ZPB3-SHEL,26-6ZPB3-SHEL,Elevator Inspection Contractor License (SH131),Active,YES,Bureau Veritas National Elevator Inspection Servic,,c1d787d1b7,CREDENTIAL_ONLY,,,939a0ec586
ny_elevator,91,Elevator Contractor License (SH131):1312200208,1312200208,Elevator Contractor License (SH131),Expired,NO,CITYWIDE ELEVATOR CONSULTING LIMITED LIABILITY COM,,c1d787d1b7,CREDENTIAL_ONLY,,,939a0ec586
ny_elevator,92,Elevator Contractor License (SH131):24-6Z564-SHEL,24-6Z564-SHEL,Elevator Contractor License (SH131),Expired,NO,Center Span LLC,,c1d787d1b7,CREDENTIAL_ONLY,,,939a0ec586
ny_elevator,93,Elevator Contractor License (SH131):25-6U6QS-SHEL,25-6U6QS-SHEL,Elevator Contractor License (SH131),Active,YES,"Concord Elevator Industries, Inc.",,c1d787d1b7,CREDENTIAL_ONLY,,,939a0ec586
ny_elevator,94,Elevator Contractor License (SH131):26-6LAJP-SHEL,26-6LAJP-SHEL,Elevator Contractor License (SH131),Active,YES,DELAWARE ELEVATOR INC,,c1d787d1b7,CREDENTIAL_ONLY,,,939a0ec586
ny_elevator,95,Elevator Contractor License (SH131):1312200167,1312200167,Elevator Contractor License (SH131),Expired,NO,Delta Elevator Inspection & Testing Corp.,,c1d787d1b7,CREDENTIAL_ONLY,,,939a0ec586
ny_elevator,96,Elevator Contractor License (SH131):26-6I139-SHEL,26-6I139-SHEL,Elevator Contractor License (SH131),Active,YES,Dynasty Elevator Corp.,,c1d787d1b7,CREDENTIAL_ONLY,,,939a0ec586
ny_elevator,97,Elevator Contractor License (SH131):24-6ZOFB-SHEL,24-6ZOFB-SHEL,Elevator Contractor License (SH131),Expired,NO,ELITE ELEVATOR GROUP LLC,,c1d787d1b7,CREDENTIAL_ONLY,,,939a0ec586
ny_elevator,98,Elevator Inspection Contractor License (SH131):26-6L6FH-SHEL,26-6L6FH-SHEL,Elevator Inspection Contractor License (SH131),Active,YES,"Elevate, Inc.",,c1d787d1b7,CREDENTIAL_ONLY,,,939a0ec586
ny_elevator,99,Elevator Inspection Contractor License (SH131):1312200254,1312200254,Elevator Inspection Contractor License (SH131),Expired,NO,Elevator Inspection Services of WNY LLC,,c1d787d1b7,CREDENTIAL_ONLY,,,939a0ec586
ny_elevator,100,Elevator Contractor License (SH131):24-6SC8A-SHEL,24-6SC8A-SHEL,Elevator Contractor License (SH131),Expired,NO,"Elevator Service Co. Connecticut, LLC",,c1d787d1b7,CREDENTIAL_ONLY,,,939a0ec586
ny_elevator,101,Elevator Inspection Contractor License (SH131):25-65E5L-SHEL,25-65E5L-SHEL,Elevator Inspection Contractor License (SH131),Active,YES,Empire State Elevator Inspection LLC,,c1d787d1b7,CREDENTIAL_ONLY,,,939a0ec586
ny_elevator,102,Elevator Contractor License (SH131):25-6lcdx-shel,25-6lcdx-shel,Elevator Contractor License (SH131),Active,YES,"Everything Medical Equipment & Supplies, Inc.",,c1d787d1b7,CREDENTIAL_ONLY,,,939a0ec586
ny_elevator,103,Elevator Contractor License (SH131):25-6IKUD-SHEL,25-6IKUD-SHEL,Elevator Contractor License (SH131),Active,YES,FUJITEC AMERICA INC,,c1d787d1b7,CREDENTIAL_ONLY,,,939a0ec586
ny_elevator,104,Elevator Contractor License (SH131):23-6UHFG-SHEL,23-6UHFG-SHEL,Elevator Contractor License (SH131),Expired,NO,First Choice Elevator Inc.,,c1d787d1b7,CREDENTIAL_ONLY,,,939a0ec586
ny_elevator,105,Elevator Inspection Contractor License (SH131):26-6IB5S-SHEL,26-6IB5S-SHEL,Elevator Inspection Contractor License (SH131),Active,YES,"Full Capacity, LLC",,c1d787d1b7,CREDENTIAL_ONLY,,,939a0ec586
ny_elevator,106,Elevator Contractor License (SH131):24-6ZULP-SHEL,24-6ZULP-SHEL,Elevator Contractor License (SH131),Expired,NO,GOLDEN ELEVATOR CO. INC.,,c1d787d1b7,CREDENTIAL_ONLY,,,939a0ec586
ny_elevator,107,Elevator Contractor License (SH131):24-6IAAR-SHEL,24-6IAAR-SHEL,Elevator Contractor License (SH131),Expired,NO,Gotham Elevator LLC,,c1d787d1b7,CREDENTIAL_ONLY,,,939a0ec586
ny_elevator,108,Elevator Contractor License (SH131):25-6L4U9-SHEL,25-6L4U9-SHEL,Elevator Contractor License (SH131),Active,YES,"H.P. Elevator and Electrical Services, Inc.",,c1d787d1b7,CREDENTIAL_ONLY,,,939a0ec586
ny_elevator,109,Elevator Contractor License (SH131):26-69TUJ-SHEL,26-69TUJ-SHEL,Elevator Contractor License (SH131),Active,YES,"Health System Services, Ltd.",,c1d787d1b7,CREDENTIAL_ONLY,,,939a0ec586
ny_elevator,110,Elevator Inspection Contractor License (SH131):25-6L876-SHEL,25-6L876-SHEL,Elevator Inspection Contractor License (SH131),Active,YES,"Hubert H. Hayes, Inc.",,c1d787d1b7,CREDENTIAL_ONLY,,,939a0ec586
ny_elevator,111,Elevator Inspection Contractor License (SH131):26-63VN7-SHEL,26-63VN7-SHEL,Elevator Inspection Contractor License (SH131),Active,YES,Icon Elevator Inspection LLC,,c1d787d1b7,CREDENTIAL_ONLY,,,939a0ec586
ny_elevator,112,Elevator Inspection Contractor License (SH131):23-6U96K-SHEL,23-6U96K-SHEL,Elevator Inspection Contractor License (SH131),Expired,NO,Innovative Elevator Inc.,,c1d787d1b7,CREDENTIAL_ONLY,,,939a0ec586
ny_elevator,113,Elevator Inspection Contractor License (SH131):26-6lxxy-shel,26-6lxxy-shel,Elevator Inspection Contractor License (SH131),Active,YES,"JJ HAGNER AND SONS, LLC",,c1d787d1b7,CREDENTIAL_ONLY,,,939a0ec586
ny_elevator,114,Elevator Inspection Contractor License (SH131):26-6I4LN-SHEL,26-6I4LN-SHEL,Elevator Inspection Contractor License (SH131),Active,YES,"John Martin Associates, Inc.",,c1d787d1b7,CREDENTIAL_ONLY,,,939a0ec586
ny_elevator,115,Elevator Contractor License (SH131):25-61VHV-SHEL,25-61VHV-SHEL,Elevator Contractor License (SH131),Active,YES,K & J Lift Inc.,,c1d787d1b7,CREDENTIAL_ONLY,,,939a0ec586
ny_elevator,116,Elevator Contractor License (SH131):1312200246,1312200246,Elevator Contractor License (SH131),Expired,NO,Kolt Access & Lift,,c1d787d1b7,CREDENTIAL_ONLY,,,939a0ec586
ny_elevator,117,Elevator Inspection Contractor License (SH131):26-6LIH1-SHEL,26-6LIH1-SHEL,Elevator Inspection Contractor License (SH131),Active,YES,LCD Elevator Repair Inc,,c1d787d1b7,CREDENTIAL_ONLY,,,939a0ec586
ny_elevator,118,Elevator Contractor License (SH131):25-6SSYL-SHEL,25-6SSYL-SHEL,Elevator Contractor License (SH131),Active,YES,"Liberty Elevator Co., Inc.",,c1d787d1b7,CREDENTIAL_ONLY,,,939a0ec586
ny_elevator,119,Elevator Contractor License (SH131):24-6ADV9-SHEL,24-6ADV9-SHEL,Elevator Contractor License (SH131),Expired,NO,LiftSystem Industries Inc.,,c1d787d1b7,CREDENTIAL_ONLY,,,939a0ec586
ny_elevator,120,Elevator Inspection Contractor License (SH131):26-6IYPI-SHEL,26-6IYPI-SHEL,Elevator Inspection Contractor License (SH131),Active,YES,"METRO ELEVATOR INSPECTION SERVICES, LLC",,c1d787d1b7,CREDENTIAL_ONLY,,,939a0ec586
ny_elevator,121,Elevator Inspection Contractor License (SH131):1312200226,1312200226,Elevator Inspection Contractor License (SH131),Expired,NO,Mercury Elevator Corporation,,c1d787d1b7,CREDENTIAL_ONLY,,,939a0ec586
ny_elevator,122,Elevator Contractor License (SH131):26-6AYOB-SHEL,26-6AYOB-SHEL,Elevator Contractor License (SH131),Active,YES,"Mid-American Elevator Company, Inc.",,c1d787d1b7,CREDENTIAL_ONLY,,,939a0ec586
ny_elevator,123,Elevator Contractor License (SH131):25-6LDHB-SHEL,25-6LDHB-SHEL,Elevator Contractor License (SH131),Active,YES,"Mobility Elevator & Lift Co., Inc.",,c1d787d1b7,CREDENTIAL_ONLY,,,939a0ec586
ny_elevator,124,Elevator Contractor License (SH131):25-6LCHG-SHEL,25-6LCHG-SHEL,Elevator Contractor License (SH131),Active,YES,Moving Up Lifts Inc,,c1d787d1b7,CREDENTIAL_ONLY,,,939a0ec586
ny_elevator,125,Elevator Contractor License (SH131):1312200184,1312200184,Elevator Contractor License (SH131),Expired,NO,NYC ELEVATOR CORP,,c1d787d1b7,CREDENTIAL_ONLY,,,939a0ec586
ny_elevator,126,Elevator Contractor License (SH131):26-66VTK-SHEL,26-66VTK-SHEL,Elevator Contractor License (SH131),Active,YES,New York Elevator LLC,,c1d787d1b7,CREDENTIAL_ONLY,,,939a0ec586
ny_elevator,127,Elevator Contractor License (SH131):24-63YCE-SHEL,24-63YCE-SHEL,Elevator Contractor License (SH131),Expired,NO,"Next Level Elevator Services, LLC",,c1d787d1b7,CREDENTIAL_ONLY,,,939a0ec586
ny_elevator,128,Elevator Contractor License (SH131):26-6LYHA-SHEL,26-6LYHA-SHEL,Elevator Contractor License (SH131),Active,YES,Northern Lifts Elevator Company LLC,,c1d787d1b7,CREDENTIAL_ONLY,,,939a0ec586
ny_elevator,129,Elevator Contractor License (SH131):24-64BKP-SHEL,24-64BKP-SHEL,Elevator Contractor License (SH131),Active,YES,O.S. Elevator Inc.,,c1d787d1b7,CREDENTIAL_ONLY,,,939a0ec586
ny_elevator,130,Elevator Contractor License (SH131):26-6IPY9-SHEL,26-6IPY9-SHEL,Elevator Contractor License (SH131),Active,YES,Otis Elevator Company,,c1d787d1b7,CREDENTIAL_ONLY,,,939a0ec586
ny_elevator,131,Elevator Inspection Contractor License (SH131):25-6U79N-SHEL,25-6U79N-SHEL,Elevator Inspection Contractor License (SH131),Active,YES,"PM Engineering, PLLC",,c1d787d1b7,CREDENTIAL_ONLY,,,939a0ec586
ny_elevator,132,Elevator Contractor License (SH131):1312200230,1312200230,Elevator Contractor License (SH131),Expired,NO,Patriot Mobility Inc,,c1d787d1b7,CREDENTIAL_ONLY,,,939a0ec586
ny_elevator,133,Elevator Contractor License (SH131):1312200235,1312200235,Elevator Contractor License (SH131),Expired,NO,Platinum Elevator Group Inc.,,c1d787d1b7,CREDENTIAL_ONLY,,,939a0ec586
ny_elevator,134,Elevator Contractor License (SH131):23-6LKLH-SHEL,23-6LKLH-SHEL,Elevator Contractor License (SH131),Expired,NO,"Pride & Service Elevator Co., Inc.",,c1d787d1b7,CREDENTIAL_ONLY,,,939a0ec586
ny_elevator,135,Elevator Contractor License (SH131):23-6LOZA-SHEL,23-6LOZA-SHEL,Elevator Contractor License (SH131),Expired,NO,Rapid Elevator LLC,,c1d787d1b7,CREDENTIAL_ONLY,,,939a0ec586
ny_elevator,136,Elevator Contractor License (SH131):25-6LYBX-SHEL,25-6LYBX-SHEL,Elevator Contractor License (SH131),Active,YES,Richmond Elevator Co.,,c1d787d1b7,CREDENTIAL_ONLY,,,939a0ec586
ny_elevator,137,Elevator Contractor License (SH131):25-6IBAX-SHEL,25-6IBAX-SHEL,Elevator Contractor License (SH131),Active,YES,"S & H Enterprises, Inc.",,c1d787d1b7,CREDENTIAL_ONLY,,,939a0ec586
ny_elevator,138,Elevator Contractor License (SH131):25-6L6ZF-SHEL,25-6L6ZF-SHEL,Elevator Contractor License (SH131),Active,YES,Schindler Elevator Corporation,,c1d787d1b7,CREDENTIAL_ONLY,,,939a0ec586
ny_elevator,139,Elevator Contractor License (SH131):25-6SD9A-SHEL,25-6SD9A-SHEL,Elevator Contractor License (SH131),Active,YES,Skyline Elevator Consultants LLC,,c1d787d1b7,CREDENTIAL_ONLY,,,939a0ec586
ny_elevator,140,Elevator Inspection Contractor License (SH131):26-6Z34L-SHEL,26-6Z34L-SHEL,Elevator Inspection Contractor License (SH131),Active,YES,Solid Service Elevator Corporation,,c1d787d1b7,CREDENTIAL_ONLY,,,939a0ec586
ny_elevator,141,Elevator Contractor License (SH131):26-6IZ8Y-SHEL,26-6IZ8Y-SHEL,Elevator Contractor License (SH131),Active,YES,Specialized Elevator Corp,,c1d787d1b7,CREDENTIAL_ONLY,,,939a0ec586
ny_elevator,142,Elevator Contractor License (SH131):1312200223,1312200223,Elevator Contractor License (SH131),Expired,NO,Superior Quality Elevators Corp,,c1d787d1b7,CREDENTIAL_ONLY,,,939a0ec586
ny_elevator,143,Elevator Inspection Contractor License (SH131):24-6II6A-SHEL,24-6II6A-SHEL,Elevator Inspection Contractor License (SH131),Expired,NO,"T&T Tower Elevator Co., Inc.",,c1d787d1b7,CREDENTIAL_ONLY,,,939a0ec586
ny_elevator,144,Elevator Contractor License (SH131):25-6IFBN-SHEL,25-6IFBN-SHEL,Elevator Contractor License (SH131),Active,YES,TK Elevator Corporation,,c1d787d1b7,CREDENTIAL_ONLY,,,939a0ec586
ny_elevator,145,Elevator Contractor License (SH131):25-6L873-SHEL,25-6L873-SHEL,Elevator Contractor License (SH131),Active,YES,Trademark Elevator Services LLC,,c1d787d1b7,CREDENTIAL_ONLY,,,939a0ec586
ny_elevator,146,Elevator Inspection Contractor License (SH131):24-6ZGQV-SHEL,24-6ZGQV-SHEL,Elevator Inspection Contractor License (SH131),Expired,NO,U-TEK Elevator Inc,,c1d787d1b7,CREDENTIAL_ONLY,,,939a0ec586
ny_elevator,147,Elevator Contractor License (SH131):25-6LTC4-SHEL,25-6LTC4-SHEL,Elevator Contractor License (SH131),Active,YES,"UTU Elevator, Inc.",,c1d787d1b7,CREDENTIAL_ONLY,,,939a0ec586
ny_elevator,148,Elevator Inspection Contractor License (SH131):25-6LJ4B-SHEL,25-6LJ4B-SHEL,Elevator Inspection Contractor License (SH131),Active,YES,United Fleet and Transportation Services LLC,,c1d787d1b7,CREDENTIAL_ONLY,,,939a0ec586
ny_elevator,149,Elevator Inspection Contractor License (SH131):26-66JUB-SHEL,26-66JUB-SHEL,Elevator Inspection Contractor License (SH131),Active,YES,"VDA, Inc",,c1d787d1b7,CREDENTIAL_ONLY,,,939a0ec586
ny_elevator,150,Elevator Inspection Contractor License (SH131):1312300265,1312300265,Elevator Inspection Contractor License (SH131),Expired,NO,Vertical Systems Analysis,,c1d787d1b7,CREDENTIAL_ONLY,,,939a0ec586
ny_elevator,151,Elevator Contractor License (SH131):25-61CJ3-SHEL,25-61CJ3-SHEL,Elevator Contractor License (SH131),Active,YES,"Warren Elevator Service Co., Inc.",,c1d787d1b7,CREDENTIAL_ONLY,,,939a0ec586
ny_elevator,152,Elevator Contractor License (SH131):1312200216,1312200216,Elevator Contractor License (SH131),Expired,NO,WeWit LLC,,c1d787d1b7,CREDENTIAL_ONLY,,,939a0ec586
ny_elevator,153,Elevator Inspection Contractor License (SH131):25-6IZ6O-SHEL,25-6IZ6O-SHEL,Elevator Inspection Contractor License (SH131),Active,YES,"ALPS Elevator Inspection Services, Inc.",,c1d787d1b7,CREDENTIAL_ONLY,,,939a0ec586
ny_elevator,154,Elevator Inspection Contractor License (SH131):25-6SF6V-SHEL,25-6SF6V-SHEL,Elevator Inspection Contractor License (SH131),Active,YES,"ATIS ELEVATOR INSPECTIONS, LLC",,c1d787d1b7,CREDENTIAL_ONLY,,,939a0ec586
ny_elevator,155,Elevator Contractor License (SH131):25-61CNC-SHEL,25-61CNC-SHEL,Elevator Contractor License (SH131),Active,YES,"Accessibility Solutions, Inc.",,c1d787d1b7,CREDENTIAL_ONLY,,,939a0ec586
ny_elevator,156,Elevator Contractor License (SH131):25-6LUKC-SHEL,25-6LUKC-SHEL,Elevator Contractor License (SH131),Active,YES,"Action Elevator, Inc.",,c1d787d1b7,CREDENTIAL_ONLY,,,939a0ec586
ny_elevator,157,Elevator Contractor License (SH131):26-6L8HT-SHEL,26-6L8HT-SHEL,Elevator Contractor License (SH131),Active,YES,"All-Ways Elevator, Inc.",,c1d787d1b7,CREDENTIAL_ONLY,,,939a0ec586
ny_elevator,158,Elevator Inspection Contractor License (SH131):26-66VTC-SHEL,26-66VTC-SHEL,Elevator Inspection Contractor License (SH131),Active,YES,Allstar Elevator & Escalator Inspection Agency Inc,,c1d787d1b7,CREDENTIAL_ONLY,,,939a0ec586
ny_elevator,159,Elevator Contractor License (SH131):26-6UHFX-SHEL,26-6UHFX-SHEL,Elevator Contractor License (SH131),Active,YES,Approved Elevator LLC,,c1d787d1b7,CREDENTIAL_ONLY,,,939a0ec586
ny_elevator,160,Elevator Inspection Contractor License (SH131):25-6565R-SHEL,25-6565R-SHEL,Elevator Inspection Contractor License (SH131),Active,YES,Ascend NY Elevators LLC,,c1d787d1b7,CREDENTIAL_ONLY,,,939a0ec586
ny_elevator,161,Elevator Inspection Contractor License (SH131):26-61C51-SHEL,26-61C51-SHEL,Elevator Inspection Contractor License (SH131),Active,YES,"Authentic Elevator Services, Corp.",,c1d787d1b7,CREDENTIAL_ONLY,,,939a0ec586
ny_elevator,162,Elevator Contractor License (SH131):1312200173,1312200173,Elevator Contractor License (SH131),Expired,NO,BLINKTECH ELEVATOR SERVICE CORP,,c1d787d1b7,CREDENTIAL_ONLY,,,939a0ec586
ny_elevator,163,Elevator Contractor License (SH131):25-6IB6O-SHEL,25-6IB6O-SHEL,Elevator Contractor License (SH131),Active,YES,"Barrier Free Elevators, Inc.",,c1d787d1b7,CREDENTIAL_ONLY,,,939a0ec586
ny_elevator,164,Elevator Contractor License (SH131):25-645L8-SHEL,25-645L8-SHEL,Elevator Contractor License (SH131),Expired,NO,Big Apple Elevator Service & Consulting LLC,,c1d787d1b7,CREDENTIAL_ONLY,,,939a0ec586
ny_elevator,165,Elevator Inspection Contractor License (SH131):25-6AQXC-SHEL,25-6AQXC-SHEL,Elevator Inspection Contractor License (SH131),Active,YES,C & C Elevator Consultants Inc.,,c1d787d1b7,CREDENTIAL_ONLY,,,939a0ec586
ny_elevator,166,Elevator Inspection Contractor License (SH131):25-6LUPN-SHEL,25-6LUPN-SHEL,Elevator Inspection Contractor License (SH131),Active,YES,CITYWIDE ELEVATOR CONSULTING LIMITED LIABILITY COM,,c1d787d1b7,CREDENTIAL_ONLY,,,939a0ec586
ny_elevator,167,Elevator Contractor License (SH131):25-63KDF-SHEL,25-63KDF-SHEL,Elevator Contractor License (SH131),Active,YES,Century Elevator Maintenance Corporation,,c1d787d1b7,CREDENTIAL_ONLY,,,939a0ec586
ny_elevator,168,Elevator Contractor License (SH131):26-6Z4TL-SHEL,26-6Z4TL-SHEL,Elevator Contractor License (SH131),Active,YES,"Consolidated Edison Company of New York, Inc.",,c1d787d1b7,CREDENTIAL_ONLY,,,939a0ec586
ny_elevator,169,Elevator Inspection Contractor License (SH131):1312200191,1312200191,Elevator Inspection Contractor License (SH131),Expired,NO,DTM Drafting & Consulting Services Inc,,c1d787d1b7,CREDENTIAL_ONLY,,,939a0ec586
ny_elevator,170,Elevator Contractor License (SH131):23-6U943-SHEL,23-6U943-SHEL,Elevator Contractor License (SH131),Expired,NO,Dermer Stairlifts & Mobility Inc.,,c1d787d1b7,CREDENTIAL_ONLY,,,939a0ec586
ny_elevator,171,Elevator Inspection Contractor License (SH131):26-69S9Y-SHEL,26-69S9Y-SHEL,Elevator Inspection Contractor License (SH131),Active,YES,E.T.Z Elevator Services,,c1d787d1b7,CREDENTIAL_ONLY,,,939a0ec586
ny_elevator,172,Elevator Contractor License (SH131):23-6L41L-SHEL,23-6L41L-SHEL,Elevator Contractor License (SH131),Expired,NO,"ELTECH INDUSTRIES, INC.",,c1d787d1b7,CREDENTIAL_ONLY,,,939a0ec586
ny_elevator,173,Elevator Contractor License (SH131):25-64B45-SHEL,25-64B45-SHEL,Elevator Contractor License (SH131),Active,YES,"Elevated Technologies Services, LLC",,c1d787d1b7,CREDENTIAL_ONLY,,,939a0ec586
ny_elevator,174,Elevator Contractor License (SH131):25-6IKUY-SHEL,25-6IKUY-SHEL,Elevator Contractor License (SH131),Active,YES,"Elevator Maintenance of Buffalo, Inc",,c1d787d1b7,CREDENTIAL_ONLY,,,939a0ec586
ny_elevator,175,Elevator Inspection Contractor License (SH131):24-63HGQ-SHEL,24-63HGQ-SHEL,Elevator Inspection Contractor License (SH131),Active,YES,Elevator management services Inc,,c1d787d1b7,CREDENTIAL_ONLY,,,939a0ec586
ny_elevator,176,Elevator Contractor License (SH131):25-671XQ-SHEL,25-671XQ-SHEL,Elevator Contractor License (SH131),Active,YES,Empire State Elevator LLC,,c1d787d1b7,CREDENTIAL_ONLY,,,939a0ec586
ny_elevator,177,Elevator Contractor License (SH131):25-67IK6-SHEL,25-67IK6-SHEL,Elevator Contractor License (SH131),Active,YES,Evolve Elevator LLC,,c1d787d1b7,CREDENTIAL_ONLY,,,939a0ec586
ny_elevator,178,Elevator Contractor License (SH131):26-679QI-SHEL,26-679QI-SHEL,Elevator Contractor License (SH131),Active,YES,Faraday Elevator Inc.,,c1d787d1b7,CREDENTIAL_ONLY,,,939a0ec586
ny_elevator,179,Elevator Contractor License (SH131):23-6IB36-SHEL,23-6IB36-SHEL,Elevator Contractor License (SH131),Expired,NO,"Florlift of NJ, Inc.",,c1d787d1b7,CREDENTIAL_ONLY,,,939a0ec586
ny_elevator,180,Elevator Contractor License (SH131):26-6IB5C-SHEL,26-6IB5C-SHEL,Elevator Contractor License (SH131),Active,YES,"Full Capacity, LLC",,c1d787d1b7,CREDENTIAL_ONLY,,,939a0ec586
ny_elevator,181,Elevator Inspection Contractor License (SH131):25-65LKK-SHEL,25-65LKK-SHEL,Elevator Inspection Contractor License (SH131),Active,YES,"Gannett Fleming Engineers and Architects, P.C.",,c1d787d1b7,CREDENTIAL_ONLY,,,939a0ec586
ny_elevator,182,Elevator Contractor License (SH131):1312300258,1312300258,Elevator Contractor License (SH131),Expired,NO,Gravity Elevator LLC,,c1d787d1b7,CREDENTIAL_ONLY,,,939a0ec586
ny_elevator,183,Elevator Inspection Contractor License (SH131):1312300262,1312300262,Elevator Inspection Contractor License (SH131),Expired,NO,HEIGHTS ELEVATOR TESTING GROUP LLC,,c1d787d1b7,CREDENTIAL_ONLY,,,939a0ec586
ny_elevator,184,Elevator Contractor License (SH131):26-6I3TK-SHEL,26-6I3TK-SHEL,Elevator Contractor License (SH131),Active,YES,HighRise Consulting LLC,,c1d787d1b7,CREDENTIAL_ONLY,,,939a0ec586
ny_elevator,185,Elevator Inspection Contractor License (SH131):25-67FIR-SHEL,25-67FIR-SHEL,Elevator Inspection Contractor License (SH131),Active,YES,ISA ELEVATOR SERVICES INC,,c1d787d1b7,CREDENTIAL_ONLY,,,939a0ec586
ny_elevator,186,Elevator Contractor License (SH131):1312200185,1312200185,Elevator Contractor License (SH131),Expired,NO,Iecony Corp,,c1d787d1b7,CREDENTIAL_ONLY,,,939a0ec586
ny_elevator,187,Elevator Contractor License (SH131):23-6LYYD-SHEL,23-6LYYD-SHEL,Elevator Contractor License (SH131),Expired,NO,Innovative Elevator Inc.,,c1d787d1b7,CREDENTIAL_ONLY,,,939a0ec586
ny_elevator,188,Elevator Contractor License (SH131):1312200231,1312200231,Elevator Contractor License (SH131),Expired,NO,JYST LLC,,c1d787d1b7,CREDENTIAL_ONLY,,,939a0ec586
ny_elevator,189,Elevator Contractor License (SH131):25-6LOSR-SHEL,25-6LOSR-SHEL,Elevator Contractor License (SH131),Active,YES,"Joseph F. Schneider & Associates, Inc.",,c1d787d1b7,CREDENTIAL_ONLY,,,939a0ec586
ny_elevator,190,Elevator Contractor License (SH131):26-65UEQ-SHEL,26-65UEQ-SHEL,Elevator Contractor License (SH131),Active,YES,KJSJ Inc,,c1d787d1b7,CREDENTIAL_ONLY,,,939a0ec586
ny_elevator,191,Elevator Contractor License (SH131):26-6ISYV-SHEL,26-6ISYV-SHEL,Elevator Contractor License (SH131),Active,YES,Kone Inc.,,c1d787d1b7,CREDENTIAL_ONLY,,,939a0ec586
ny_elevator,192,Elevator Contractor License (SH131):26-6LIHP-SHEL,26-6LIHP-SHEL,Elevator Contractor License (SH131),Active,YES,LCD Elevator Repair Inc,,c1d787d1b7,CREDENTIAL_ONLY,,,939a0ec586
ny_elevator,193,Elevator Inspection Contractor License (SH131):25-6SSBK-SHEL,25-6SSBK-SHEL,Elevator Inspection Contractor License (SH131),Active,YES,"Liberty Elevator Co., Inc.",,c1d787d1b7,CREDENTIAL_ONLY,,,939a0ec586
ny_elevator,194,Elevator Inspection Contractor License (SH131):1312200201,1312200201,Elevator Inspection Contractor License (SH131),Expired,NO,M & J ELEVATOR CORP.,,c1d787d1b7,CREDENTIAL_ONLY,,,939a0ec586
ny_elevator,195,Elevator Contractor License (SH131):25-6HPO1-SHEL,25-6HPO1-SHEL,Elevator Contractor License (SH131),Active,YES,Mack Brothers Elevator LLC,,c1d787d1b7,CREDENTIAL_ONLY,,,939a0ec586
ny_elevator,196,Elevator Contractor License (SH131):1312200222,1312200222,Elevator Contractor License (SH131),Expired,NO,Mercury Elevator Corporation,,c1d787d1b7,CREDENTIAL_ONLY,,,939a0ec586
ny_elevator,197,Elevator Inspection Contractor License (SH131):23-6LFDS-SHEL,23-6LFDS-SHEL,Elevator Inspection Contractor License (SH131),Expired,NO,Midtown Elevator Co Inc,,c1d787d1b7,CREDENTIAL_ONLY,,,939a0ec586
ny_elevator,198,Elevator Inspection Contractor License (SH131):25-6LZN6-SHEL,25-6LZN6-SHEL,Elevator Inspection Contractor License (SH131),Active,YES,"Morgan Elevator Company, LTD.",,c1d787d1b7,CREDENTIAL_ONLY,,,939a0ec586
ny_elevator,199,Elevator Inspection Contractor License (SH131):1312200190,1312200190,Elevator Inspection Contractor License (SH131),Expired,NO,Municipal Inspection Incorporation,,c1d787d1b7,CREDENTIAL_ONLY,,,939a0ec586
ny_elevator,200,Elevator Inspection Contractor License (SH131):24-6ACYF-SHEL,24-6ACYF-SHEL,Elevator Inspection Contractor License (SH131),Expired,NO,"Naik Consulting Group, P.C.",,c1d787d1b7,CREDENTIAL_ONLY,,,939a0ec586
ny_elevator,201,Elevator Inspection Contractor License (SH131):26-66JUR-SHEL,26-66JUR-SHEL,Elevator Inspection Contractor License (SH131),Active,YES,New York Elevator LLC,,c1d787d1b7,CREDENTIAL_ONLY,,,939a0ec586
ny_elevator,202,Elevator Inspection Contractor License (SH131):25-6L416-SHEL,25-6L416-SHEL,Elevator Inspection Contractor License (SH131),Active,YES,Noble Elevator Company Inc.,,c1d787d1b7,CREDENTIAL_ONLY,,,939a0ec586
ny_elevator,203,Elevator Contractor License (SH131):26-6lfhr-shel,26-6lfhr-shel,Elevator Contractor License (SH131),Active,YES,Northstar Lifts Llc,,c1d787d1b7,CREDENTIAL_ONLY,,,939a0ec586
ny_elevator,204,Elevator Contractor License (SH131):23-61C1F-SHEL,23-61C1F-SHEL,Elevator Contractor License (SH131),Expired,NO,Omni Elevator Corporation,,c1d787d1b7,CREDENTIAL_ONLY,,,939a0ec586
ny_elevator,205,Elevator Inspection Contractor License (SH131):26-6IV3G-SHEL,26-6IV3G-SHEL,Elevator Inspection Contractor License (SH131),Active,YES,"P.S. Marcato Elevator Co., Inc.",,c1d787d1b7,CREDENTIAL_ONLY,,,939a0ec586
ny_elevator,206,Elevator Contractor License (SH131):25-6HP1E-SHEL,25-6HP1E-SHEL,Elevator Contractor License (SH131),Active,YES,PS Rock Holdings LLC,,c1d787d1b7,CREDENTIAL_ONLY,,,939a0ec586
ny_elevator,207,Elevator Inspection Contractor License (SH131):25-6L7CS-SHEL,25-6L7CS-SHEL,Elevator Inspection Contractor License (SH131),Active,YES,Pezol Elevator Services Inc.,,c1d787d1b7,CREDENTIAL_ONLY,,,939a0ec586
ny_elevator,208,Elevator Contractor License (SH131):25-65ZN1-SHEL,25-65ZN1-SHEL,Elevator Contractor License (SH131),Active,YES,Port Elevator Inc.,,c1d787d1b7,CREDENTIAL_ONLY,,,939a0ec586
ny_elevator,209,Elevator Inspection Contractor License (SH131):23-6LKI8-SHEL,23-6LKI8-SHEL,Elevator Inspection Contractor License (SH131),Expired,NO,"Pride & Service Elevator Co., Inc.",,c1d787d1b7,CREDENTIAL_ONLY,,,939a0ec586
ny_elevator,210,Elevator Contractor License (SH131):26-66XT1-SHEL,26-66XT1-SHEL,Elevator Contractor License (SH131),Active,YES,"Residential Elevators Projects, LLC",,c1d787d1b7,CREDENTIAL_ONLY,,,939a0ec586
ny_elevator,211,Elevator Inspection Contractor License (SH131):25-6LVLN-SHEL,25-6LVLN-SHEL,Elevator Inspection Contractor License (SH131),Active,YES,Rise Elevator Inspections LLC,,c1d787d1b7,CREDENTIAL_ONLY,,,939a0ec586
ny_elevator,212,Elevator Contractor License (SH131):25-6LI35-SHEL,25-6LI35-SHEL,Elevator Contractor License (SH131),Active,YES,S & Q ELEVATOR INC,,c1d787d1b7,CREDENTIAL_ONLY,,,939a0ec586
ny_elevator,213,Elevator Contractor License (SH131):25-6LVX3-SHEL,25-6LVX3-SHEL,Elevator Contractor License (SH131),Active,YES,Sentry Elevator Corp.,,c1d787d1b7,CREDENTIAL_ONLY,,,939a0ec586
ny_elevator,214,Elevator Inspection Contractor License (SH131):25-6LOFT-SHEL,25-6LOFT-SHEL,Elevator Inspection Contractor License (SH131),Active,YES,Skyline Elevator Consultants LLC,,c1d787d1b7,CREDENTIAL_ONLY,,,939a0ec586
ny_elevator,215,Elevator Contractor License (SH131):1312200172,1312200172,Elevator Contractor License (SH131),Expired,NO,Solid State Elevator Corp.,,c1d787d1b7,CREDENTIAL_ONLY,,,939a0ec586
ny_elevator,216,Elevator Contractor License (SH131):25-65FVX-SHEL,25-65FVX-SHEL,Elevator Contractor License (SH131),Active,YES,Steven Joannis,,c1d787d1b7,CREDENTIAL_ONLY,,,939a0ec586
ny_elevator,217,Elevator Inspection Contractor License (SH131):25-61JRL-SHEL,25-61JRL-SHEL,Elevator Inspection Contractor License (SH131),Active,YES,Swift Elevator Corporation,,c1d787d1b7,CREDENTIAL_ONLY,,,939a0ec586
ny_elevator,218,Elevator Contractor License (SH131):24-6II64-SHEL,24-6II64-SHEL,Elevator Contractor License (SH131),Expired,NO,"T&T Tower Elevator Co., Inc.",,c1d787d1b7,CREDENTIAL_ONLY,,,939a0ec586
ny_elevator,219,Elevator Inspection Contractor License (SH131):25-6IFBY-SHEL,25-6IFBY-SHEL,Elevator Inspection Contractor License (SH131),Active,YES,TK Elevator Corporation,,c1d787d1b7,CREDENTIAL_ONLY,,,939a0ec586
ny_elevator,220,Elevator Contractor License (SH131):25-6LER4-SHEL,25-6LER4-SHEL,Elevator Contractor License (SH131),Active,YES,Transel Elevator & Electric Inc.,,c1d787d1b7,CREDENTIAL_ONLY,,,939a0ec586
ny_elevator,221,Elevator Contractor License (SH131):25-6LITY-SHEL,25-6LITY-SHEL,Elevator Contractor License (SH131),Active,YES,U-TEK Elevator Inc,,c1d787d1b7,CREDENTIAL_ONLY,,,939a0ec586
ny_elevator,222,Elevator Contractor License (SH131):25-6INSI-SHEL,25-6INSI-SHEL,Elevator Contractor License (SH131),Active,YES,Ulster County Elevator Inc.,,c1d787d1b7,CREDENTIAL_ONLY,,,939a0ec586
ny_elevator,223,Elevator Contractor License (SH131):26-6SKYC-SHEL,26-6SKYC-SHEL,Elevator Contractor License (SH131),Active,YES,"Universal Builders Supply, LLC",,c1d787d1b7,CREDENTIAL_ONLY,,,939a0ec586
ny_elevator,224,Elevator Inspection Contractor License (SH131):23-6LIO4-SHEL,23-6LIO4-SHEL,Elevator Inspection Contractor License (SH131),Expired,NO,VTC Testing Inc,,c1d787d1b7,CREDENTIAL_ONLY,,,939a0ec586
ny_elevator,225,Elevator Inspection Contractor License (SH131):25-61O3X-SHEL,25-61O3X-SHEL,Elevator Inspection Contractor License (SH131),Active,YES,Vertical Transportation Consulting LLC,,c1d787d1b7,CREDENTIAL_ONLY,,,939a0ec586
ny_elevator,226,Elevator Inspection Contractor License (SH131):26-61CTH-SHEL,26-61CTH-SHEL,Elevator Inspection Contractor License (SH131),Active,YES,"Warren Elevator Service Co., Inc.",,c1d787d1b7,CREDENTIAL_ONLY,,,939a0ec586
ny_elevator,227,Elevator Contractor License (SH131):26-66NYB-SHEL,26-66NYB-SHEL,Elevator Contractor License (SH131),Active,YES,"Wesley Elevator, LLC",,c1d787d1b7,CREDENTIAL_ONLY,,,939a0ec586
ny_elevator,228,Elevator Inspection Contractor License (SH131):23-6ITBX-SHEL,23-6ITBX-SHEL,Elevator Inspection Contractor License (SH131),Expired,NO,AC Elevator Industries Inc.,,c1d787d1b7,CREDENTIAL_ONLY,,,939a0ec586
ny_elevator,229,Elevator Inspection Contractor License (SH131):26-6LSS8-SHEL,26-6LSS8-SHEL,Elevator Inspection Contractor License (SH131),Active,YES,AMBER ELEVATOR INSPECTIONS INC.,,c1d787d1b7,CREDENTIAL_ONLY,,,939a0ec586
ny_elevator,230,Elevator Contractor License (SH131):25-6U6QP-SHEL,25-6U6QP-SHEL,Elevator Contractor License (SH131),Active,YES,Able-Care Group LLC,,c1d787d1b7,CREDENTIAL_ONLY,,,939a0ec586
ny_elevator,231,Elevator Contractor License (SH131):24-6S8ZC-SHEL,24-6S8ZC-SHEL,Elevator Contractor License (SH131),Expired,NO,Accessibility Systems Inc.,,c1d787d1b7,CREDENTIAL_ONLY,,,939a0ec586
ny_elevator,232,Elevator Contractor License (SH131):1312200219,1312200219,Elevator Contractor License (SH131),Expired,NO,"Admiral Elevator Company, Inc.",,c1d787d1b7,CREDENTIAL_ONLY,,,939a0ec586
ny_elevator,233,Elevator Inspection Contractor License (SH131):26-6L8HU-SHEL,26-6L8HU-SHEL,Elevator Inspection Contractor License (SH131),Active,YES,"All-Ways Elevator, Inc.",,c1d787d1b7,CREDENTIAL_ONLY,,,939a0ec586
ny_elevator,234,Elevator Contractor License (SH131):1312200207,1312200207,Elevator Contractor License (SH131),Expired,NO,"Alpha Elevator, Inc.",,c1d787d1b7,CREDENTIAL_ONLY,,,939a0ec586
ny_elevator,235,Elevator Inspection Contractor License (SH131):25-6LZ3F-SHEL,25-6LZ3F-SHEL,Elevator Inspection Contractor License (SH131),Active,YES,"Architectural Resources, D.P.C.",,c1d787d1b7,CREDENTIAL_ONLY,,,939a0ec586
ny_elevator,236,Elevator Inspection Contractor License (SH131):24-6ZZFK-SHEL,24-6ZZFK-SHEL,Elevator Inspection Contractor License (SH131),Expired,NO,Assured Elevator LLC,,c1d787d1b7,CREDENTIAL_ONLY,,,939a0ec586
ny_elevator,237,Elevator Contractor License (SH131):26-61C53-SHEL,26-61C53-SHEL,Elevator Contractor License (SH131),Active,YES,"Authentic Elevator Services, Corp.",,c1d787d1b7,CREDENTIAL_ONLY,,,939a0ec586
ny_elevator,238,Elevator Contractor License (SH131):26-6U6QB-SHEL,26-6U6QB-SHEL,Elevator Contractor License (SH131),Active,YES,"BSIS, Inc.",,c1d787d1b7,CREDENTIAL_ONLY,,,939a0ec586
ny_elevator,239,Elevator Contractor License (SH131):24-6AZRZ-SHEL,24-6AZRZ-SHEL,Elevator Contractor License (SH131),Expired,NO,"Belco Elevator & Lift, Inc.",,c1d787d1b7,CREDENTIAL_ONLY,,,939a0ec586
ny_elevator,240,Elevator Inspection Contractor License (SH131):25-6IZ6P-SHEL,25-6IZ6P-SHEL,Elevator Inspection Contractor License (SH131),Active,YES,"Boca Group International, Inc.",,c1d787d1b7,CREDENTIAL_ONLY,,,939a0ec586
ny_elevator,241,Elevator Inspection Contractor License (SH131):23-6IN5T-SHEL,23-6IN5T-SHEL,Elevator Inspection Contractor License (SH131),Expired,NO,"CBA Elevator Consultants, LLC",,c1d787d1b7,CREDENTIAL_ONLY,,,939a0ec586
ny_elevator,242,Elevator Inspection Contractor License (SH131):25-6LUIA-SHEL,25-6LUIA-SHEL,Elevator Inspection Contractor License (SH131),Active,YES,Capital District Elevator LLC,,c1d787d1b7,CREDENTIAL_ONLY,,,939a0ec586
ny_elevator,243,Elevator Inspection Contractor License (SH131):25-63KDJ-SHEL,25-63KDJ-SHEL,Elevator Inspection Contractor License (SH131),Active,YES,Century Elevator Maintenance Corporation,,c1d787d1b7,CREDENTIAL_ONLY,,,939a0ec586
ny_elevator,244,Elevator Contractor License (SH131):25-6SRUL-SHEL,25-6SRUL-SHEL,Elevator Contractor License (SH131),Active,YES,"D & D Elevator Maintenance, Inc.",,c1d787d1b7,CREDENTIAL_ONLY,,,939a0ec586
ny_elevator,245,Elevator Contractor License (SH131):26-6LFRP-SHEL,26-6LFRP-SHEL,Elevator Contractor License (SH131),Active,YES,"Day Accessibility & Mobility Solutions, Inc.",,c1d787d1b7,CREDENTIAL_ONLY,,,939a0ec586
ny_elevator,246,Elevator Contractor License (SH131):1312200196,1312200196,Elevator Contractor License (SH131),Expired,NO,"Dunwell Elevator Electrical Industries, Inc.",,c1d787d1b7,CREDENTIAL_ONLY,,,939a0ec586
ny_elevator,247,Elevator Inspection Contractor License (SH131):1312200186,1312200186,Elevator Inspection Contractor License (SH131),Expired,NO,E3Tech LLC,,c1d787d1b7,CREDENTIAL_ONLY,,,939a0ec586
ny_elevator,248,Elevator Contractor License (SH131):1312200242,1312200242,Elevator Contractor License (SH131),Expired,NO,"Eagle Elevator Company, Inc.",,c1d787d1b7,CREDENTIAL_ONLY,,,939a0ec586
ny_elevator,249,Elevator Inspection Contractor License (SH131):23-6IJDR-SHEL,23-6IJDR-SHEL,Elevator Inspection Contractor License (SH131),Expired,NO,Elevation Elevator Group Inc.,,c1d787d1b7,CREDENTIAL_ONLY,,,939a0ec586
ny_elevator,250,Elevator Inspection Contractor License (SH131):26-6ZLRV-SHEL,26-6ZLRV-SHEL,Elevator Inspection Contractor License (SH131),Active,YES,"Elevator Management & Consulting, Inc.",,c1d787d1b7,CREDENTIAL_ONLY,,,939a0ec586
ny_elevator,251,Elevator Contractor License (SH131):25-6LU6T-SHEL,25-6LU6T-SHEL,Elevator Contractor License (SH131),Active,YES,"Elevattitt, Inc",,c1d787d1b7,CREDENTIAL_ONLY,,,939a0ec586
ny_elevator,252,Elevator Inspection Contractor License (SH131):25-671XP-SHEL,25-671XP-SHEL,Elevator Inspection Contractor License (SH131),Active,YES,Empire State Elevator LLC,,c1d787d1b7,CREDENTIAL_ONLY,,,939a0ec586
ny_elevator,253,Elevator Inspection Contractor License (SH131):26-66NYG-SHEL,26-66NYG-SHEL,Elevator Inspection Contractor License (SH131),Active,YES,Evolve Elevator LLC,,c1d787d1b7,CREDENTIAL_ONLY,,,939a0ec586
ny_elevator,254,Elevator Contractor License (SH131):25-6IHLE-SHEL,25-6IHLE-SHEL,Elevator Contractor License (SH131),Active,YES,Ferens Elevator Company Inc.,,c1d787d1b7,CREDENTIAL_ONLY,,,939a0ec586
ny_elevator,255,Elevator Inspection Contractor License (SH131):23-6IBAT-SHEL,23-6IBAT-SHEL,Elevator Inspection Contractor License (SH131),Expired,NO,"Florlift of NJ, Inc.",,c1d787d1b7,CREDENTIAL_ONLY,,,939a0ec586
ny_elevator,256,Elevator Contractor License (SH131):25-6LE1Z-SHEL,25-6LE1Z-SHEL,Elevator Contractor License (SH131),Active,YES,G-Tech Elevator Associates LLC,,c1d787d1b7,CREDENTIAL_ONLY,,,939a0ec586
ny_elevator,257,Elevator Inspection Contractor License (SH131):25-61KN3-SHEL,25-61KN3-SHEL,Elevator Inspection Contractor License (SH131),Active,YES,Gotham Elevator Inspection Inc,,c1d787d1b7,CREDENTIAL_ONLY,,,939a0ec586
ny_elevator,258,Elevator Contractor License (SH131):26-61X8U-SHEL,26-61X8U-SHEL,Elevator Contractor License (SH131),Active,YES,"Guardsman Elevator Co., Inc.",,c1d787d1b7,CREDENTIAL_ONLY,,,939a0ec586
ny_elevator,259,Elevator Contractor License (SH131):23-6IN9L-SHEL,23-6IN9L-SHEL,Elevator Contractor License (SH131),Expired,NO,Handi-Lift Inc,,c1d787d1b7,CREDENTIAL_ONLY,,,939a0ec586
ny_elevator,260,Elevator Inspection Contractor License (SH131):26-6I3TC-SHEL,26-6I3TC-SHEL,Elevator Inspection Contractor License (SH131),Active,YES,HighRise Consulting LLC,,c1d787d1b7,CREDENTIAL_ONLY,,,939a0ec586
ny_elevator,261,Elevator Contractor License (SH131):25-6LJ58-SHEL,25-6LJ58-SHEL,Elevator Contractor License (SH131),Active,YES,"ISLAND ELEVATOR INSPECTION, INC.",,c1d787d1b7,CREDENTIAL_ONLY,,,939a0ec586
ny_elevator,262,Elevator Contractor License (SH131):1312200187,1312200187,Elevator Contractor License (SH131),Expired,NO,InnerCity Elevator Corp.,,c1d787d1b7,CREDENTIAL_ONLY,,,939a0ec586
ny_elevator,263,Elevator Inspection Contractor License (SH131):25-6L136-SHEL,25-6L136-SHEL,Elevator Inspection Contractor License (SH131),Active,YES,Insparisk LLC,,c1d787d1b7,CREDENTIAL_ONLY,,,939a0ec586
ny_elevator,264,Elevator Contractor License (SH131):26-61Q7N-SHEL,26-61Q7N-SHEL,Elevator Contractor License (SH131),Active,YES,Jam Electrical Corp,,c1d787d1b7,CREDENTIAL_ONLY,,,939a0ec586
ny_elevator,265,Elevator Inspection Contractor License (SH131):25-6LOSS-SHEL,25-6LOSS-SHEL,Elevator Inspection Contractor License (SH131),Active,YES,"Joseph F. Schneider & Associates, Inc.",,c1d787d1b7,CREDENTIAL_ONLY,,,939a0ec586
ny_elevator,266,Elevator Contractor License (SH131):23-6L7CY-SHEL,23-6L7CY-SHEL,Elevator Contractor License (SH131),Expired,NO,KTK Mobility Inc,,c1d787d1b7,CREDENTIAL_ONLY,,,939a0ec586
ny_elevator,267,Elevator Inspection Contractor License (SH131):26-6ISYT-SHEL,26-6ISYT-SHEL,Elevator Inspection Contractor License (SH131),Active,YES,Kone Inc.,,c1d787d1b7,CREDENTIAL_ONLY,,,939a0ec586
ny_elevator,268,Elevator Contractor License (SH131):25-65ZCJ-SHEL,25-65ZCJ-SHEL,Elevator Contractor License (SH131),Active,YES,LJM CONSTRUCTION LLC,,c1d787d1b7,CREDENTIAL_ONLY,,,939a0ec586
ny_elevator,269,Elevator Contractor License (SH131):25-6I6U7-SHEL,25-6I6U7-SHEL,Elevator Contractor License (SH131),Active,YES,Liberty Elevator Corporation,,c1d787d1b7,CREDENTIAL_ONLY,,,939a0ec586
ny_elevator,270,Elevator Inspection Contractor License (SH131):25-6IGYT-SHEL,25-6IGYT-SHEL,Elevator Inspection Contractor License (SH131),Active,YES,MAJOR ELEVATOR CORP.,,c1d787d1b7,CREDENTIAL_ONLY,,,939a0ec586
ny_elevator,271,Elevator Contractor License (SH131):26-675SU-SHEL,26-675SU-SHEL,Elevator Contractor License (SH131),Active,YES,"Maglift, LLC",,c1d787d1b7,CREDENTIAL_ONLY,,,939a0ec586
ny_elevator,272,Elevator Inspection Contractor License (SH131):25-67N9X-SHEL,25-67N9X-SHEL,Elevator Inspection Contractor License (SH131),Active,YES,"Metro Elevator NY NJ, Inc.",,c1d787d1b7,CREDENTIAL_ONLY,,,939a0ec586
ny_elevator,273,Elevator Contractor License (SH131):26-6LFD1-SHEL,26-6LFD1-SHEL,Elevator Contractor License (SH131),Active,YES,Midtown Elevator Co Inc,,c1d787d1b7,CREDENTIAL_ONLY,,,939a0ec586
ny_elevator,274,Elevator Contractor License (SH131):25-6LEXI-SHEL,25-6LEXI-SHEL,Elevator Contractor License (SH131),Active,YES,"Morgan Elevator Company, LTD.",,c1d787d1b7,CREDENTIAL_ONLY,,,939a0ec586
ny_elevator,275,Elevator Inspection Contractor License (SH131):25-6L7CR-SHEL,25-6L7CR-SHEL,Elevator Inspection Contractor License (SH131),Active,YES,"Muray and Sena, LLC",,c1d787d1b7,CREDENTIAL_ONLY,,,939a0ec586
ny_elevator,276,Elevator Contractor License (SH131):25-64564-SHEL,25-64564-SHEL,Elevator Contractor License (SH131),Active,YES,"National Seating & Mobility, Inc.",,c1d787d1b7,CREDENTIAL_ONLY,,,939a0ec586
ny_elevator,277,Elevator Contractor License (SH131):25-6IB4K-SHEL,25-6IB4K-SHEL,Elevator Contractor License (SH131),Active,YES,New York Tech Industries Inc.,,c1d787d1b7,CREDENTIAL_ONLY,,,939a0ec586
ny_elevator,278,Elevator Contractor License (SH131):25-6L4UY-SHEL,25-6L4UY-SHEL,Elevator Contractor License (SH131),Active,YES,Noble Elevator Company Inc.,,c1d787d1b7,CREDENTIAL_ONLY,,,939a0ec586
ny_elevator,279,Elevator Inspection Contractor License (SH131):25-61E8U-SHEL,25-61E8U-SHEL,Elevator Inspection Contractor License (SH131),Active,YES,Nouveau Elevator Industries LLC,,c1d787d1b7,CREDENTIAL_ONLY,,,939a0ec586
ny_elevator,280,Elevator Inspection Contractor License (SH131):25-6HLXU-SHEL,25-6HLXU-SHEL,Elevator Inspection Contractor License (SH131),Active,YES,Orange County Elevator LLC,,c1d787d1b7,CREDENTIAL_ONLY,,,939a0ec586
ny_elevator,281,Elevator Contractor License (SH131):26-6IEP7-SHEL,26-6IEP7-SHEL,Elevator Contractor License (SH131),Active,YES,"P.S. Marcato Elevator Co., Inc.",,c1d787d1b7,CREDENTIAL_ONLY,,,939a0ec586
ny_elevator,282,Elevator Contractor License (SH131):26-6ADLX-SHEL,26-6ADLX-SHEL,Elevator Contractor License (SH131),Active,YES,Pace Elevator Inc,,c1d787d1b7,CREDENTIAL_ONLY,,,939a0ec586
ny_elevator,283,Elevator Contractor License (SH131):25-6L7CP-SHEL,25-6L7CP-SHEL,Elevator Contractor License (SH131),Active,YES,Pezol Elevator Services Inc.,,c1d787d1b7,CREDENTIAL_ONLY,,,939a0ec586
ny_elevator,284,Elevator Contractor License (SH131):26-66SUR-SHEL,26-66SUR-SHEL,Elevator Contractor License (SH131),Active,YES,"Power Climber Wind, a division of SafeWorks, LLC",,c1d787d1b7,CREDENTIAL_ONLY,,,939a0ec586
ny_elevator,285,Elevator Contractor License (SH131):25-65UYA-SHEL,25-65UYA-SHEL,Elevator Contractor License (SH131),Active,YES,"RLN Enterprises, Inc.",,c1d787d1b7,CREDENTIAL_ONLY,,,939a0ec586
ny_elevator,286,Elevator Contractor License (SH131):25-6HLXQ-SHEL,25-6HLXQ-SHEL,Elevator Contractor License (SH131),Active,YES,"Residential Elevators, LLC",,c1d787d1b7,CREDENTIAL_ONLY,,,939a0ec586
ny_elevator,287,Elevator Contractor License (SH131):25-6LVLQ-SHEL,25-6LVLQ-SHEL,Elevator Contractor License (SH131),Active,YES,Rise Elevator Inspections LLC,,c1d787d1b7,CREDENTIAL_ONLY,,,939a0ec586
ny_elevator,288,Elevator Inspection Contractor License (SH131):25-6IEOU-SHEL,25-6IEOU-SHEL,Elevator Inspection Contractor License (SH131),Active,YES,SAVKOM Inc,,c1d787d1b7,CREDENTIAL_ONLY,,,939a0ec586
ny_elevator,289,Elevator Contractor License (SH131):1312200245,1312200245,Elevator Contractor License (SH131),Expired,NO,"Sheridan Surgical, Inc.",,c1d787d1b7,CREDENTIAL_ONLY,,,939a0ec586
ny_elevator,290,Elevator Contractor License (SH131):26-6SO7J-SHEL,26-6SO7J-SHEL,Elevator Contractor License (SH131),Active,YES,"Slade Industries, Inc.",,c1d787d1b7,CREDENTIAL_ONLY,,,939a0ec586
ny_elevator,291,Elevator Inspection Contractor License (SH131):25-671XC-SHEL,25-671XC-SHEL,Elevator Inspection Contractor License (SH131),Active,YES,Solucore LLC,,c1d787d1b7,CREDENTIAL_ONLY,,,939a0ec586
ny_elevator,292,Elevator Contractor License (SH131):1312200214,1312200214,Elevator Contractor License (SH131),Expired,NO,Stevens Elevator LLC,,c1d787d1b7,CREDENTIAL_ONLY,,,939a0ec586
ny_elevator,293,Elevator Contractor License (SH131):25-61JRZ-SHEL,25-61JRZ-SHEL,Elevator Contractor License (SH131),Active,YES,Swift Elevator Corporation,,c1d787d1b7,CREDENTIAL_ONLY,,,939a0ec586
ny_elevator,294,Elevator Inspection Contractor License (SH131):25-6IB3U-SHEL,25-6IB3U-SHEL,Elevator Inspection Contractor License (SH131),Active,YES,TET Elevator Inspections Inc.,,c1d787d1b7,CREDENTIAL_ONLY,,,939a0ec586
ny_elevator,295,Elevator Contractor License (SH131):25-64TPK-SHEL,25-64TPK-SHEL,Elevator Contractor License (SH131),Active,YES,"Taconic Elevator Company, Inc.",,c1d787d1b7,CREDENTIAL_ONLY,,,939a0ec586
ny_elevator,296,Elevator Contractor License (SH131):25-6INYC-SHEL,25-6INYC-SHEL,Elevator Contractor License (SH131),Active,YES,"Tri-State Elevator Co., Inc.",,c1d787d1b7,CREDENTIAL_ONLY,,,939a0ec586
ny_elevator,297,Elevator Contractor License (SH131):25-6I4LJ-SHEL,25-6I4LJ-SHEL,Elevator Contractor License (SH131),Active,YES,"UNITED DRILLING, INC.",,c1d787d1b7,CREDENTIAL_ONLY,,,939a0ec586
ny_elevator,298,Elevator Contractor License (SH131):24-6IL81-SHEL,24-6IL81-SHEL,Elevator Contractor License (SH131),Expired,NO,Ultimate Elevator Corp,,c1d787d1b7,CREDENTIAL_ONLY,,,939a0ec586
ny_elevator,299,Elevator Inspection Contractor License (SH131):25-6IG1K-SHEL,25-6IG1K-SHEL,Elevator Inspection Contractor License (SH131),Active,YES,"Upstate Elevator Inspection Services, LLC",,c1d787d1b7,CREDENTIAL_ONLY,,,939a0ec586
ny_elevator,300,Elevator Contractor License (SH131):25-6LOAX-SHEL,25-6LOAX-SHEL,Elevator Contractor License (SH131),Active,YES,"Ver-Tran, Inc.",,c1d787d1b7,CREDENTIAL_ONLY,,,939a0ec586
ny_elevator,301,Elevator Contractor License (SH131):25-6LYHF-SHEL,25-6LYHF-SHEL,Elevator Contractor License (SH131),Active,YES,Vertical Transportation Experts LLC,,c1d787d1b7,CREDENTIAL_ONLY,,,939a0ec586
ny_elevator,302,Elevator Contractor License (SH131):26-6ZJHJ-SHEL,26-6ZJHJ-SHEL,Elevator Contractor License (SH131),Active,YES,Warrior Service Company LLC,,c1d787d1b7,CREDENTIAL_ONLY,,,939a0ec586
ny_elevator,303,Elevator Contractor License (SH131):23-6IGQ3-SHEL,23-6IGQ3-SHEL,Elevator Contractor License (SH131),Expired,NO,"ZELKER ELEVATOR CO., INC.",,c1d787d1b7,CREDENTIAL_ONLY,,,939a0ec586
