"license_number","license_type","business_name","dba_name","address","address_2","city","state","zip_code","phone","issued_date","expiration_date","license_status"
"26-6IRG4-SHEL","Elevator Contractor License (SH131)","ACCESSIBLE RESOURCES LLC","101 MOBILITY","768 N BROADWAY",,"WHITE PLAINS","NY","10603","9144480101","2026-02-13T00:00:00.000","2028-02-29T00:00:00.000","Active"
"1312300259","Elevator Inspection Contractor License (SH131)","ATAB LLC","Dominion Elevator Inspection S","7475 Carlisle Rd",,"Wellsville","PA","17365","7174320590","2023-03-08T00:00:00.000","2025-03-08T00:00:00.000","Expired"
"25-6LOXJ-SHEL","Elevator Contractor License (SH131)","Access Elevator, Ltd.",,"94 Verdi St",,"Farmingdale","NY","11735","6317906311","2025-12-11T00:00:00.000","2027-12-31T00:00:00.000","Active"
"26-6LVUJ-SHEL","Elevator Inspection Contractor License (SH131)","Ace Elevator Inspection Corp",,"485 Fairmont Ave",,"North Tonawanda","NY","14120","7166289804","2026-02-06T00:00:00.000","2027-12-31T00:00:00.000","Active"
"25-6I5SE-SHEL","Elevator Inspection Contractor License (SH131)","All Safe Inspections, LLC",,"803 Al Constantino Dr",,"Schenectady","NY","12306","3477282430","2025-12-03T00:00:00.000","2028-01-31T00:00:00.000","Active"
"26-6LLXN-SHEL","Elevator Contractor License (SH131)","Alliance Elevator Company, LLC","Unitec Elevator","36-36 33rd Street","Suite #104","Long Island City","NY","11106","9292063040","2026-02-25T00:00:00.000","2027-12-31T00:00:00.000","Active"
"25-6LQSD-SHEL","Elevator Contractor License (SH131)","An Excelsior Elevator, Corp",,"640 Main St",,"Westbury","NY","11590","5164791800","2025-10-02T00:00:00.000","2027-12-31T00:00:00.000","Active"
"25-65658-SHEL","Elevator Contractor License (SH131)","Ascend NY Elevators LLC",,"1967 Edison Ave Bsmnt",,"Bronx","NY","10461","6463579755","2025-06-20T00:00:00.000","2027-06-30T00:00:00.000","Active"
"25-6HOAV-SHEL","Elevator Inspection Contractor License (SH131)","AuditMate Inc.",,"11 Park Place","#312","New York","NY","10007","4154040030","2025-08-27T00:00:00.000","2027-08-31T00:00:00.000","Active"
"25-6L8TU-SHEL","Elevator Contractor License (SH131)","BISON ELEVATOR SERVICE INC.",,"5640 E Taft Rd #2007",,"Syracuse","NY","13220","7168523031","2025-12-11T00:00:00.000","2027-12-31T00:00:00.000","Active"
"25-61EVQ-SHEL","Elevator Contractor License (SH131)","Banton Elevator LLC",,"3607 20th Ave",,"Astoria","NY","11105","9089309405","2025-12-23T00:00:00.000","2027-12-31T00:00:00.000","Active"
"26-66B67-SHEL","Elevator Inspection Contractor License (SH131)","Bergan-Passaic Elevator of NY, Inc","BP Elevator Co.","1400 Parker Street",,"BRONX","NY","10462","2128078200","2026-02-13T00:00:00.000","2028-02-29T00:00:00.000","Active"
"26-6ZPB3-SHEL","Elevator Inspection Contractor License (SH131)","Bureau Veritas National Elevator Inspection Servic",,"16800 Greenpoint Park Dr.","Suite 300S","Houston","TX","77060","3146822615","2026-02-05T00:00:00.000","2028-01-31T00:00:00.000","Active"
"25-6LUPN-SHEL","Elevator Inspection Contractor License (SH131)","CITYWIDE ELEVATOR CONSULTING LIMITED LIABILITY COM",,"991 US Highway 22 Ste 100A",,"Bridgewater","NJ","08807","7322363102","2025-11-04T00:00:00.000","2027-12-31T00:00:00.000","Active"
"24-6Z564-SHEL","Elevator Contractor License (SH131)","Center Span LLC",,"100 East Jefryn Boulevard","Suite K","Deer Park","NY","11729","6314829423","2024-04-19T00:00:00.000","2026-04-30T00:00:00.000","Expired"
"25-6U6QS-SHEL","Elevator Contractor License (SH131)","Concord Elevator Industries, Inc.",,"610 Chestnut Ridge Rd",,"Chestnut Ridge","NY","10977","9147678689","2025-12-02T00:00:00.000","2027-12-31T00:00:00.000","Active"
"26-6LAJP-SHEL","Elevator Contractor License (SH131)","DELAWARE ELEVATOR INC",,"2210 Allen Drive, Salisbury, MD, USA",,"Salisbury","NY","21801","4106299071","2026-01-28T00:00:00.000","2028-01-31T00:00:00.000","Active"
"1312200167","Elevator Contractor License (SH131)","Delta Elevator Inspection & Testing Corp.",,"1536 Ericson Place",,"Bronx","NY","10461","7188926329","2022-01-04T00:00:00.000","2024-01-04T00:00:00.000","Expired"
"26-6I139-SHEL","Elevator Contractor License (SH131)","Dynasty Elevator Corp.",,"1460 BROADWAY","7TH FLOOR","New York","NY","10036","7183803135","2026-01-22T00:00:00.000","2027-12-31T00:00:00.000","Active"
"24-6ZOFB-SHEL","Elevator Contractor License (SH131)","ELITE ELEVATOR GROUP LLC",,"39 Dobbin St",,"Brooklyn","NY","11222","9294600011","2024-03-22T00:00:00.000","2026-03-31T00:00:00.000","Expired"
"26-6L6FH-SHEL","Elevator Inspection Contractor License (SH131)","Elevate, Inc.",,"244 5th Avenue","Suite 2074","New York","NY","10001","2122133216","2026-01-15T00:00:00.000","2028-01-31T00:00:00.000","Active"
"1312200254","Elevator Inspection Contractor License (SH131)","Elevator Inspection Services of WNY LLC",,"57 Schwartz Rd",,"Elma","NY","14059","7168634316","2022-10-26T00:00:00.000","2024-10-26T00:00:00.000","Expired"
"24-6SC8A-SHEL","Elevator Contractor License (SH131)","Elevator Service Co. Connecticut, LLC",,"47 Water St",,"Torrington","CT","06790","2037575000","2024-02-07T00:00:00.000","2026-01-31T00:00:00.000","Expired"
"25-65E5L-SHEL","Elevator Inspection Contractor License (SH131)","Empire State Elevator Inspection LLC",,"77 Dunthorne Drive",,"Bloomingburg","NY","12721","8456947983","2025-04-02T00:00:00.000","2027-04-30T00:00:00.000","Active"
"25-6lcdx-shel","Elevator Contractor License (SH131)","Everything Medical Equipment & Supplies, Inc.",,"7108 E Washington St Ext",,"Bath","NY","14810","6077768000","2025-09-10T00:00:00.000","2027-11-30T00:00:00.000","Active"
"25-6IKUD-SHEL","Elevator Contractor License (SH131)","FUJITEC AMERICA INC",,"7258 Innovation Way",,"Mason","OH","45040","5139335524","2025-11-12T00:00:00.000","2027-12-31T00:00:00.000","Active"
"23-6UHFG-SHEL","Elevator Contractor License (SH131)","First Choice Elevator Inc.","Elevator Compliance Services","35-06 Farrington Street","2nd Floor","Flushing","NY","11354","3475060994","2023-10-13T00:00:00.000","2025-12-31T00:00:00.000","Expired"
"26-6IB5S-SHEL","Elevator Inspection Contractor License (SH131)","Full Capacity, LLC",,"26-12 Borough Place","Suite 1","Woodside","NY","11377","7187261300","2026-01-15T00:00:00.000","2028-01-31T00:00:00.000","Active"
"24-6ZUL1-SHEL","Elevator Inspection Contractor License (SH131)","GOLDEN ELEVATOR CO. INC.",,"589 E 132nd St",,"Bronx","NY","10454","9175782667","2024-04-01T00:00:00.000","2026-01-31T00:00:00.000","Expired"
"24-6IAAR-SHEL","Elevator Contractor License (SH131)","Gotham Elevator LLC",,"1740 Broadway Fl 15",,"New York","NY","10019","8447796637","2024-01-11T00:00:00.000","2026-03-24T00:00:00.000","Expired"
"25-6L4UH-SHEL","Elevator Inspection Contractor License (SH131)","H.P. Elevator and Electrical Services, Inc.",,"780 Gulf Ave",,"Staten Island","NY","10314","7187613979","2025-11-12T00:00:00.000","2027-12-31T00:00:00.000","Active"
"26-69TUJ-SHEL","Elevator Contractor License (SH131)","Health System Services, Ltd.","Health System Services","6867 Williams Rd.",,"Niagara Falls","NY","14304","7162832339","2026-07-22T00:00:00.000","2028-07-31T00:00:00.000","Active"
"25-6L876-SHEL","Elevator Inspection Contractor License (SH131)","Hubert H. Hayes, Inc.",,"1953 86th St",,"Brooklyn","NY","11214","7184511742","2025-10-08T00:00:00.000","2027-12-31T00:00:00.000","Active"
"26-63VN7-SHEL","Elevator Inspection Contractor License (SH131)","Icon Elevator Inspection LLC",,"157 Ridge Road",,"Dover Plains","NY","12522","2523400710","2026-08-17T00:00:00.000","2028-10-31T00:00:00.000","Active"
"23-6LYYD-SHEL","Elevator Contractor License (SH131)","Innovative Elevator Inc.",,"2614 W 13th St",,"Brooklyn","NY","11223","7184724755","2023-10-17T00:00:00.000","2026-01-31T00:00:00.000","Expired"
"26-6lxxy-shel","Elevator Inspection Contractor License (SH131)","JJ HAGNER AND SONS, LLC",,"177 LIBERTY BELL RD",,"TOMS RIVER","NJ","08755","7326094436","2026-02-13T00:00:00.000","2028-01-31T00:00:00.000","Active"
"26-6I4LN-SHEL","Elevator Inspection Contractor License (SH131)","John Martin Associates, Inc.","J. Martin Associates","8 Armour Road",,"Mahwah","NJ","07430","2015295585","2026-08-19T00:00:00.000","2028-01-31T00:00:00.000","Active"
"25-61VHV-SHEL","Elevator Contractor License (SH131)","K & J Lift Inc.",,"75 Eckford St Fl 1",,"Brooklyn","NY","11222","7183846530","2025-10-06T00:00:00.000","2027-12-31T00:00:00.000","Active"
"1312200246","Elevator Contractor License (SH131)","Kolt Access & Lift",,"435 Lawrence Bell Dr Ste 1",,"Williamsville","NY","14221","7169846373","2022-06-09T00:00:00.000","2024-06-09T00:00:00.000","Expired"
"26-6LIH1-SHEL","Elevator Inspection Contractor License (SH131)","LCD Elevator Repair Inc",,"224 East 2nd Street","Suite 200","Mineola","NY","11501","5167058817","2026-02-13T00:00:00.000","2027-12-31T00:00:00.000","Active"
"25-6SSYL-SHEL","Elevator Contractor License (SH131)","Liberty Elevator Co., Inc.",,"2537 Francis Lewis Blvd Ste B",,"Flushing","NY","11358","7183833395","2025-12-22T00:00:00.000","2027-12-31T00:00:00.000","Active"
"24-6ADV9-SHEL","Elevator Contractor License (SH131)","LiftSystem Industries Inc.",,"310 Nassau Avenue",,"Brooklyn","NY","11222","8456412049","2024-05-10T00:00:00.000","2026-02-28T00:00:00.000","Expired"
"26-6IYPI-SHEL","Elevator Inspection Contractor License (SH131)","METRO ELEVATOR INSPECTION SERVICES, LLC",,"1624 HENDRICKSON ST",,"BROOKLYN","NY","11234","7189861561","2026-02-24T00:00:00.000","2027-12-31T00:00:00.000","Active"
"1312200222","Elevator Contractor License (SH131)","Mercury Elevator Corporation",,"1398 Saint Lawrence Ave",,"Bronx","NY","10472","7189319936","2022-02-15T00:00:00.000","2024-02-15T00:00:00.000","Expired"
"26-6AYOB-SHEL","Elevator Contractor License (SH131)","Mid-American Elevator Company, Inc.",,"175 Prairie Lake Road","Unit A","East Dundee","IL","60118","7734866900","2026-06-23T00:00:00.000","2028-05-31T00:00:00.000","Active"
"25-6LDHB-SHEL","Elevator Contractor License (SH131)","Mobility Elevator & Lift Co., Inc.",,"4 York Ave",,"West Caldwell","NJ","07006","9736189638","2025-10-17T00:00:00.000","2027-12-31T00:00:00.000","Active"
"25-6LCHG-SHEL","Elevator Contractor License (SH131)","Moving Up Lifts Inc",,"5961 Amboy Rd",,"Staten Island","NY","10309","9179839040","2025-10-03T00:00:00.000","2027-12-31T00:00:00.000","Active"
"1312200184","Elevator Contractor License (SH131)","NYC ELEVATOR CORP",,"420 LEXINGTON AVE.",,"NEW YORK","NY","10170","8453219541","2022-01-10T00:00:00.000","2024-01-10T00:00:00.000","Expired"
"26-66JUR-SHEL","Elevator Inspection Contractor License (SH131)","New York Elevator LLC","NYE","81 Central Hwy Suite 52",,"Stony Point","NY","10980","8456711072","2026-03-11T00:00:00.000","2028-03-31T00:00:00.000","Active"
"24-63YCE-SHEL","Elevator Contractor License (SH131)","Next Level Elevator Services, LLC",,"650C Central Park Ave",,"Yonkers","NY","10704","7188743076","2024-08-19T00:00:00.000","2026-08-31T00:00:00.000","Expired"
"26-6LYHA-SHEL","Elevator Contractor License (SH131)","Northern Lifts Elevator Company LLC",,"45 Indian Brook Hollow Rd",,"Bolton Landing","NY","12814","5186442831","2026-02-05T00:00:00.000","2028-01-31T00:00:00.000","Active"
"24-64BKP-SHEL","Elevator Contractor License (SH131)","O.S. Elevator Inc.",,"485 Gramatan Ave Apt 4P",,"Mount Vernon","NY","10552","8459045817","2024-12-16T00:00:00.000","2026-12-31T00:00:00.000","Active"
"26-6IPY9-SHEL","Elevator Contractor License (SH131)","Otis Elevator Company","Otis Elevator Company","1 Carrier Place",,"Farmington","CT","06032","8664418538","2026-01-28T00:00:00.000","2027-12-31T00:00:00.000","Active"
"25-6U79N-SHEL","Elevator Inspection Contractor License (SH131)","PM Engineering, PLLC",,"10 Boulevard Ave",,"Greenlawn","NY","11740","7187578905","2025-10-03T00:00:00.000","2027-12-31T00:00:00.000","Active"
"1312200230","Elevator Contractor License (SH131)","Patriot Mobility Inc",,"95 Edison Ave",,"West Babylon","NY","11704","6313924050","2022-02-23T00:00:00.000","2024-02-23T00:00:00.000","Expired"
"1312200235","Elevator Contractor License (SH131)","Platinum Elevator Group Inc.",,"11 Meserole St",,"Brooklyn","NY","11206","3473888660","2022-03-18T00:00:00.000","2024-03-18T00:00:00.000","Expired"
"23-6LKLH-SHEL","Elevator Contractor License (SH131)","Pride & Service Elevator Co., Inc.",,"118 East 28th Street","Suite 905","New York","NY","10016","9089676074","2023-10-31T00:00:00.000","2025-12-31T00:00:00.000","Expired"
"23-6LOZA-SHEL","Elevator Contractor License (SH131)","Rapid Elevator LLC",,"1414 54th Street",,"Brooklyn","NY","11219","3474521411","2023-11-09T00:00:00.000","2025-11-30T00:00:00.000","Expired"
"25-6LYBX-SHEL","Elevator Contractor License (SH131)","Richmond Elevator Co.",,"17 Rector St",,"Staten Island","NY","10310","7187203301","2025-12-04T00:00:00.000","2028-01-31T00:00:00.000","Active"
"25-6IBAX-SHEL","Elevator Contractor License (SH131)","S & H Enterprises, Inc.","Nationwide Lifts","10 Holden Ave",,"Queensbury","NY","12804","8888258755","2025-12-02T00:00:00.000","2027-12-31T00:00:00.000","Active"
"25-6L6ZF-SHEL","Elevator Contractor License (SH131)","Schindler Elevator Corporation",,"12 East 49th Street 14th Floor",,"New York","NY","10017","9733976142","2025-12-02T00:00:00.000","2027-12-31T00:00:00.000","Active"
"25-6LOFT-SHEL","Elevator Inspection Contractor License (SH131)","Skyline Elevator Consultants LLC",,"125 Park Ave, 25th Floor",,"New York","NY","10017","2123242520","2025-11-28T00:00:00.000","2027-11-30T00:00:00.000","Active"
"26-6Z34O-SHEL","Elevator Contractor License (SH131)","Solid Service Elevator Corporation",,"2628 Saint Raymond Avenue",,"Bronx","NY","10461","7188227732","2026-02-05T00:00:00.000","2028-04-30T00:00:00.000","Active"
"26-6IZ8Y-SHEL","Elevator Contractor License (SH131)","Specialized Elevator Corp",,"60 Shawmut Road, Suite 1",,"Canton","MA","02021","5083509900","2026-01-06T00:00:00.000","2027-12-31T00:00:00.000","Active"
"1312200223","Elevator Contractor License (SH131)","Superior Quality Elevators Corp",,"7 Landscape Ave",,"Yonkers","NY","10705",,"2022-02-15T00:00:00.000","2024-02-15T00:00:00.000","Expired"
"24-6II64-SHEL","Elevator Contractor License (SH131)","T&T Tower Elevator Co., Inc.",,"1183 Bay Street",,"Staten Island","NY","10305","7184487238","2024-01-08T00:00:00.000","2025-12-31T00:00:00.000","Expired"
"25-6IFBN-SHEL","Elevator Contractor License (SH131)","TK Elevator Corporation",,"519 8th Ave Fl 6",,"New York","NY","10018",,"2025-12-17T00:00:00.000","2027-12-31T00:00:00.000","Active"
"25-6L873-SHEL","Elevator Contractor License (SH131)","Trademark Elevator Services LLC",,"2342 Cropsey Avenue",,"Brooklyn","NY","11214","7189960968","2025-11-12T00:00:00.000","2027-10-31T00:00:00.000","Active"
"24-6ZGQV-SHEL","Elevator Inspection Contractor License (SH131)","U-TEK Elevator Inc",,"29 Imlay Street",,"Brooklyn","NY","11231","7185966661","2024-03-01T00:00:00.000","2026-04-30T00:00:00.000","Expired"
"25-6LTC4-SHEL","Elevator Contractor License (SH131)","UTU Elevator, Inc.",,"7501 New Utrecht Ave Rear",,"Brooklyn","NY","11214","9177028335","2025-11-06T00:00:00.000","2028-01-31T00:00:00.000","Active"
"25-6LJ4B-SHEL","Elevator Inspection Contractor License (SH131)","United Fleet and Transportation Services LLC","UFTS","1213 Garden St","Units A-D","Titusville","FL","32796","8668174651","2025-10-30T00:00:00.000","2027-10-31T00:00:00.000","Active"
"26-66JUB-SHEL","Elevator Inspection Contractor License (SH131)","VDA, Inc",,"120 Eagle Rock Avenue, Suite 310",,"East Hanover","NJ","07936","9739949220","2026-03-11T00:00:00.000","2028-03-31T00:00:00.000","Active"
"1312300265","Elevator Inspection Contractor License (SH131)","Vertical Systems Analysis",,"307 W 36th St Fl 8",,"New York","NY","10018","2129896860","2023-07-18T00:00:00.000","2025-07-18T00:00:00.000","Expired"
"26-61CTH-SHEL","Elevator Inspection Contractor License (SH131)","Warren Elevator Service Co., Inc.",,"227 Eagle Street",,"Brooklyn","NY","11222","7183891234","2026-05-29T00:00:00.000","2028-07-31T00:00:00.000","Active"
"1312200216","Elevator Contractor License (SH131)","WeWit LLC","WeWitness Elevator","85 Broad St",,"New York","NY","10004","9178034588","2022-01-25T00:00:00.000","2024-01-25T00:00:00.000","Expired"
"25-6IZ6O-SHEL","Elevator Inspection Contractor License (SH131)","ALPS Elevator Inspection Services, Inc.",,"454 Englewood Ave",,"Tonawanda","NY","14223",,"2025-11-04T00:00:00.000","2027-12-31T00:00:00.000","Active"
"25-6SF6V-SHEL","Elevator Inspection Contractor License (SH131)","ATIS ELEVATOR INSPECTIONS, LLC",,"600 Emerson Road","Suite 225","Saint Louis","MO","63141","3144413997","2025-12-17T00:00:00.000","2028-01-31T00:00:00.000","Active"
"25-61CNC-SHEL","Elevator Contractor License (SH131)","Accessibility Solutions, Inc.",,"115 Luther Ave",,"Liverpool","NY","13088","3154525642","2025-10-03T00:00:00.000","2027-12-31T00:00:00.000","Active"
"25-6LUKC-SHEL","Elevator Contractor License (SH131)","Action Elevator, Inc.","Hudson Elevator Group","963 Van Duzer St",,"Staten Island","NY","10304","7187206600","2025-11-20T00:00:00.000","2027-12-31T00:00:00.000","Active"
"26-6L8HU-SHEL","Elevator Inspection Contractor License (SH131)","All-Ways Elevator, Inc.",,"5 Davids Drive",,"Hauppauge","NY","11788","6315631240","2026-01-22T00:00:00.000","2028-01-31T00:00:00.000","Active"
"26-66VTC-SHEL","Elevator Inspection Contractor License (SH131)","Allstar Elevator & Escalator Inspection Agency Inc","Allstar Consulting Group","535 Madison Ave.","L1","New York","NY","10022","2125947031","2026-03-18T00:00:00.000","2028-03-31T00:00:00.000","Active"
"26-6UHFX-SHEL","Elevator Contractor License (SH131)","Approved Elevator LLC",,"182-11 Jamaica Ave",,"Hollis","NY","11423","9292447942","2026-05-29T00:00:00.000","2027-12-31T00:00:00.000","Active"
"25-6565R-SHEL","Elevator Inspection Contractor License (SH131)","Ascend NY Elevators LLC",,"1967 Edison Ave Bsmnt",,"Bronx","NY","10461","6463579755","2025-06-20T00:00:00.000","2027-06-30T00:00:00.000","Active"
"26-61C51-SHEL","Elevator Inspection Contractor License (SH131)","Authentic Elevator Services, Corp.",,"303 Wolfs Lane","1st Floor","Pelham","NY","10803","7187420800","2026-04-09T00:00:00.000","2027-12-31T00:00:00.000","Active"
"1312200173","Elevator Contractor License (SH131)","BLINKTECH ELEVATOR SERVICE CORP",,"1534 Ericson Pl # 36",,"Bronx","NY","10461","9178327200","2022-01-04T00:00:00.000","2024-01-04T00:00:00.000","Expired"
"25-6IB6O-SHEL","Elevator Contractor License (SH131)","Barrier Free Elevators, Inc.",,"10B Holden Ave",,"Queensbury","NY","12804","5187985180","2025-12-31T00:00:00.000","2027-12-31T00:00:00.000","Active"
"25-645L8-SHEL","Elevator Contractor License (SH131)","Big Apple Elevator Service & Consulting LLC",,"244 5th Avenue","l222","New York","NY","10001","2122790700","2025-02-24T00:00:00.000","2026-02-28T00:00:00.000","Expired"
"25-6AQXC-SHEL","Elevator Inspection Contractor License (SH131)","C & C Elevator Consultants Inc.",,"3500 Laconia Ave Ste 100",,"Bronx","NY","10469","8777309847","2025-12-02T00:00:00.000","2027-12-31T00:00:00.000","Active"
"1312200208","Elevator Contractor License (SH131)","CITYWIDE ELEVATOR CONSULTING LIMITED LIABILITY COM",,"991 US Highway 22 Ste 100A",,"Bridgewater","NJ","08807","7322363102","2022-01-18T00:00:00.000","2024-01-18T00:00:00.000","Expired"
"25-63KDF-SHEL","Elevator Contractor License (SH131)","Century Elevator Maintenance Corporation",,"2525 49th St",,"Long Island City","NY","11103","9179379325","2025-11-04T00:00:00.000","2027-12-31T00:00:00.000","Active"
"26-6Z4TL-SHEL","Elevator Contractor License (SH131)","Consolidated Edison Company of New York, Inc.",,"1610 Matthews Ave",,"Bronx","NY","10462","7188391324","2026-05-04T00:00:00.000","2028-05-31T00:00:00.000","Active"
"1312200191","Elevator Inspection Contractor License (SH131)","DTM Drafting & Consulting Services Inc","DTM","12002 14th Rd",,"College Point","NY","11356",,"2022-01-11T00:00:00.000","2024-01-11T00:00:00.000","Expired"
"23-6U943-SHEL","Elevator Contractor License (SH131)","Dermer Stairlifts & Mobility Inc.",,"24 Donna Lane",,"Lido Beach","NY","11561","5166504132","2023-10-17T00:00:00.000","2026-01-31T00:00:00.000","Expired"
"26-69S9Y-SHEL","Elevator Inspection Contractor License (SH131)","E.T.Z Elevator Services",,"359 VINEYARD AVE","HIGHLAND","HIGHLAND","NY","12528","9178252135","2026-08-11T00:00:00.000","2028-08-31T00:00:00.000","Active"
"23-6L41L-SHEL","Elevator Contractor License (SH131)","ELTECH INDUSTRIES, INC.",,"14 Van Cortlandt Ave East",,"Bronx","NY","10468","7189337902","2023-11-27T00:00:00.000","2026-01-31T00:00:00.000","Expired"
"25-64B45-SHEL","Elevator Contractor License (SH131)","Elevated Technologies Services, LLC","Metro Elevator","728 Mc Kendrick St SW",,"Grand Rapids","MI","49503","2129672080","2025-10-21T00:00:00.000","2027-12-31T00:00:00.000","Active"
"25-6IKUY-SHEL","Elevator Contractor License (SH131)","Elevator Maintenance of Buffalo, Inc",,"65 Innsbruck Dr",,"Cheektowaga","NY","14227","7168635458","2025-12-23T00:00:00.000","2028-01-31T00:00:00.000","Active"
"24-63HGQ-SHEL","Elevator Inspection Contractor License (SH131)","Elevator management services Inc",,"240 E 240th St",,"Bronx","NY","10470","7186218988","2024-12-05T00:00:00.000","2026-12-31T00:00:00.000","Active"
"25-671XP-SHEL","Elevator Inspection Contractor License (SH131)","Empire State Elevator LLC",,"368 Crescent St",,"Brooklyn","NY","11208","3472211396","2025-12-18T00:00:00.000","2027-12-31T00:00:00.000","Active"
"25-67IK6-SHEL","Elevator Contractor License (SH131)","Evolve Elevator LLC",,"341 BUNKER DR",,"OCEANSIDE","NY","11572","3476457248","2025-12-31T00:00:00.000","2027-12-31T00:00:00.000","Active"
"26-679QI-SHEL","Elevator Contractor License (SH131)","Faraday Elevator Inc.",,"185 Madison Ave","Suite 1702","New York","NY","10016","6468546010","2026-02-04T00:00:00.000","2028-02-29T00:00:00.000","Active"
"23-6IBAT-SHEL","Elevator Inspection Contractor License (SH131)","Florlift of NJ, Inc.",,"19 Gardner Road","Suite M","Fairfield","NJ","07004","9734841717","2023-12-06T00:00:00.000","2025-12-31T00:00:00.000","Expired"
"26-6IB5C-SHEL","Elevator Contractor License (SH131)","Full Capacity, LLC",,"26-12 Borough Place","Suite 1","Woodside","NY","11377","7187261300","2026-01-15T00:00:00.000","2028-01-31T00:00:00.000","Active"
"25-65LKK-SHEL","Elevator Inspection Contractor License (SH131)","Gannett Fleming Engineers and Architects, P.C.",,"300 Sterling Parkway","Suite 200","Mechanicsburg","PA","17050","7177637211","2025-05-13T00:00:00.000","2027-05-31T00:00:00.000","Active"
"1312300258","Elevator Contractor License (SH131)","Gravity Elevator LLC",,"61 Centre St",,"Freeport","NY","11520","5165431275","2023-03-06T00:00:00.000","2025-03-06T00:00:00.000","Expired"
"1312300262","Elevator Inspection Contractor License (SH131)","HEIGHTS ELEVATOR TESTING GROUP LLC",,"1865A Steinway St",,"Astoria","NY","11105","7187261729","2023-04-12T00:00:00.000","2025-04-12T00:00:00.000","Expired"
"26-6I3TK-SHEL","Elevator Contractor License (SH131)","HighRise Consulting LLC",,"219 36th Street","Unit 25","Brooklyn","NY","11232","7187556435","2026-02-04T00:00:00.000","2028-01-31T00:00:00.000","Active"
"25-67FIR-SHEL","Elevator Inspection Contractor License (SH131)","ISA ELEVATOR SERVICES INC",,"2764 Natta Blvd",,"Bellmore","NY","11710","6464600785","2025-11-04T00:00:00.000","2027-11-30T00:00:00.000","Active"
"1312200185","Elevator Contractor License (SH131)","Iecony Corp",,"378 Liberty St",,"Little Ferry","NJ","07643","2016418182","2022-01-10T00:00:00.000","2024-01-10T00:00:00.000","Expired"
"23-6U96K-SHEL","Elevator Inspection Contractor License (SH131)","Innovative Elevator Inc.",,"2614 W 13th St",,"Brooklyn","NY","11223","7184724755","2023-10-17T00:00:00.000","2026-01-31T00:00:00.000","Expired"
"1312200231","Elevator Contractor License (SH131)","JYST LLC",,"2081 Cruger Ave Apt 3D",,"Bronx","NY","10462","6464779356","2022-02-23T00:00:00.000","2024-02-23T00:00:00.000","Expired"
"25-6LOSS-SHEL","Elevator Inspection Contractor License (SH131)","Joseph F. Schneider & Associates, Inc.","Schneider Elevator","1170 Lincoln Ave Unit 6",,"Holbrook","NY","11741","6318005188","2025-12-23T00:00:00.000","2027-12-31T00:00:00.000","Active"
"26-65UEQ-SHEL","Elevator Contractor License (SH131)","KJSJ Inc","All Island Elevator Co","148 E Montauk Highway",,"Hampton Bay","NY","11946","6317231500","2026-06-03T00:00:00.000","2028-08-31T00:00:00.000","Active"
"26-6ISYT-SHEL","Elevator Inspection Contractor License (SH131)","Kone Inc.",,"47-36 36th Street",,"Long Island City","NY","11101","7183617200","2026-01-22T00:00:00.000","2028-01-31T00:00:00.000","Active"
"26-6LIHP-SHEL","Elevator Contractor License (SH131)","LCD Elevator Repair Inc",,"224 East 2nd Street","Suite 200","Mineola","NY","11501","5167058817","2026-02-13T00:00:00.000","2027-12-31T00:00:00.000","Active"
"25-6SSBK-SHEL","Elevator Inspection Contractor License (SH131)","Liberty Elevator Co., Inc.",,"2537 Francis Lewis Blvd Ste B",,"Flushing","NY","11358","7183833395","2025-12-22T00:00:00.000","2027-12-31T00:00:00.000","Active"
"1312200201","Elevator Inspection Contractor License (SH131)","M & J ELEVATOR CORP.",,"3721 55th St",,"Woodside","NY","11377","7186726721","2022-01-13T00:00:00.000","2024-01-13T00:00:00.000","Expired"
"25-6HPO1-SHEL","Elevator Contractor License (SH131)","Mack Brothers Elevator LLC",,"424 Pike Road",,"Halifax, VT 05358","VT","05358","8026225276","2025-08-14T00:00:00.000","2027-08-31T00:00:00.000","Active"
"1312200226","Elevator Inspection Contractor License (SH131)","Mercury Elevator Corporation",,"1398 Saint Lawrence Ave",,"Bronx","NY","10472","7189319936","2022-02-18T00:00:00.000","2024-02-18T00:00:00.000","Expired"
"23-6LFDS-SHEL","Elevator Inspection Contractor License (SH131)","Midtown Elevator Co Inc",,"3483 Ft Hamilton Parkway",,"Brooklyn","NY","11218","2018711001","2023-10-23T00:00:00.000","2025-12-31T00:00:00.000","Expired"
"25-6LEXI-SHEL","Elevator Contractor License (SH131)","Morgan Elevator Company, LTD.",,"39-23 29 Street",,"Long Island City","NY","11101","7189869119","2025-12-23T00:00:00.000","2027-12-31T00:00:00.000","Active"
"1312200190","Elevator Inspection Contractor License (SH131)","Municipal Inspection Incorporation",,"183 West 4th Street",,"Bayonne","NJ","07002","8006246327","2022-01-11T00:00:00.000","2024-01-11T00:00:00.000","Expired"
"24-6ACYF-SHEL","Elevator Inspection Contractor License (SH131)","Naik Consulting Group, P.C.",,"111 W 33rd Street","Suite 605","New York","NY","10120","6466045643","2024-06-05T00:00:00.000","2026-07-31T00:00:00.000","Expired"
"26-66VTK-SHEL","Elevator Contractor License (SH131)","New York Elevator LLC","NYE","81 Central Hwy Suite 52",,"Stony Point","NY","10980","8456711072","2026-03-18T00:00:00.000","2028-03-31T00:00:00.000","Active"
"25-6L416-SHEL","Elevator Inspection Contractor License (SH131)","Noble Elevator Company Inc.","Noble Elevator Company Inc.","1655 Sycamore Ave",,"Bohemia","NY","11716","6319814100","2025-10-30T00:00:00.000","2027-12-31T00:00:00.000","Active"
"26-6lfhr-shel","Elevator Contractor License (SH131)","Northstar Lifts Llc",,"493 NY Rte 281",,"Tully","NY","13159","3158646006","2026-01-22T00:00:00.000","2028-01-31T00:00:00.000","Active"
"23-61C1F-SHEL","Elevator Contractor License (SH131)","Omni Elevator Corporation",,"41 Chestnut Street",,"Rochester","NY","14604","5852324270","2023-10-04T00:00:00.000","2025-12-31T00:00:00.000","Expired"
"26-6IEP7-SHEL","Elevator Contractor License (SH131)","P.S. Marcato Elevator Co., Inc.",,"4411 11th St",,"Long Island City","NY","11101","7183926445","2026-01-02T00:00:00.000","2027-12-31T00:00:00.000","Active"
"25-6HP1E-SHEL","Elevator Contractor License (SH131)","PS Rock Holdings LLC","101 Mobility Mid-Hudson Valley","738 Route 9, Unit B9",,"Fishkill","NY","12524","8454406459","2025-08-14T00:00:00.000","2027-08-31T00:00:00.000","Active"
"25-6L7CP-SHEL","Elevator Contractor License (SH131)","Pezol Elevator Services Inc.",,"15253 10th Ave Ste 208",,"Whitestone","NY","11357","9299487714","2025-11-18T00:00:00.000","2027-12-31T00:00:00.000","Active"
"25-65ZN1-SHEL","Elevator Contractor License (SH131)","Port Elevator Inc.",,"814 Old Route 15",,"New Columbia","NY","17856","5703266122","2025-05-22T00:00:00.000","2027-05-31T00:00:00.000","Active"
"23-6LKI8-SHEL","Elevator Inspection Contractor License (SH131)","Pride & Service Elevator Co., Inc.",,"118 East 28th Street","Suite 905","New York","NY","10016","9089676074","2023-10-31T00:00:00.000","2025-12-31T00:00:00.000","Expired"
"26-66XT1-SHEL","Elevator Contractor License (SH131)","Residential Elevators Projects, LLC",,"2958 Wellington Circle","D4-1","Tallahassee","FL","32309","8008322004","2026-03-31T00:00:00.000","2028-03-31T00:00:00.000","Active"
"25-6LVLN-SHEL","Elevator Inspection Contractor License (SH131)","Rise Elevator Inspections LLC",,"168 Norfolk St",,"Brooklyn","NY","11235","9177267078","2025-12-02T00:00:00.000","2027-12-31T00:00:00.000","Active"
"25-6LI35-SHEL","Elevator Contractor License (SH131)","S & Q ELEVATOR INC",,"136 E Broadway Apt 9A",,"New York","NY","10002","9179296888","2025-12-11T00:00:00.000","2027-12-31T00:00:00.000","Active"
"25-6LVX3-SHEL","Elevator Contractor License (SH131)","Sentry Elevator Corp.",,"140 58th St Ste 5H-1",,"Brooklyn","NY","11220","7187041644","2025-11-05T00:00:00.000","2028-01-31T00:00:00.000","Active"
"25-6SD9A-SHEL","Elevator Contractor License (SH131)","Skyline Elevator Consultants LLC",,"125 Park Ave, 25th Floor",,"New York","NY","10017","2123242520","2025-11-28T00:00:00.000","2028-01-31T00:00:00.000","Active"
"1312200172","Elevator Contractor License (SH131)","Solid State Elevator Corp.",,"2628 Saint Raymonds Ave",,"Bronx","NY","10461","9174093929","2022-01-04T00:00:00.000","2024-01-04T00:00:00.000","Expired"
"25-65FVX-SHEL","Elevator Contractor License (SH131)","Steven Joannis","Access Ability Lifts","806 North Greece Road",,"Rochester","NY","14626","5854482756","2025-03-24T00:00:00.000","2027-03-31T00:00:00.000","Active"
"25-61JRL-SHEL","Elevator Inspection Contractor License (SH131)","Swift Elevator Corporation",,"25 W Jefryn Blvd Ste D",,"Deer Park","NY","11729","6315979029","2025-09-10T00:00:00.000","2027-09-30T00:00:00.000","Active"
"24-6II6A-SHEL","Elevator Inspection Contractor License (SH131)","T&T Tower Elevator Co., Inc.",,"1183 Bay Street",,"Staten Island","NY","10305","7184487238","2024-01-08T00:00:00.000","2025-12-31T00:00:00.000","Expired"
"25-6IFBY-SHEL","Elevator Inspection Contractor License (SH131)","TK Elevator Corporation",,"519 8th Ave Fl 6",,"New York","NY","10018",,"2025-12-17T00:00:00.000","2027-12-31T00:00:00.000","Active"
"25-6LER4-SHEL","Elevator Contractor License (SH131)","Transel Elevator & Electric Inc.","TEI Group","3030 47th Ave Ste 610",,"Long Island City","NY","11101","7186092607","2025-11-06T00:00:00.000","2027-12-31T00:00:00.000","Active"
"25-6LITY-SHEL","Elevator Contractor License (SH131)","U-TEK Elevator Inc",,"29 Imlay Street",,"Brooklyn","NY","11231","7185966661","2025-12-11T00:00:00.000","2027-12-31T00:00:00.000","Active"
"25-6INSI-SHEL","Elevator Contractor License (SH131)","Ulster County Elevator Inc.",,"170 Hurds Road",,"Clintondale","NY","12515","8456254319","2025-11-06T00:00:00.000","2027-12-31T00:00:00.000","Active"
"26-6SKYC-SHEL","Elevator Contractor License (SH131)","Universal Builders Supply, LLC",,"27 Horton Ave",,"New Rochelle","NY","10801","9146992400","2026-03-11T00:00:00.000","2028-02-29T00:00:00.000","Active"
"23-6LIO4-SHEL","Elevator Inspection Contractor License (SH131)","VTC Testing Inc",,"414 Seneca",,"Ridgewood","NY","11385","6469961686","2023-11-16T00:00:00.000","2025-12-31T00:00:00.000","Expired"
"25-61O3X-SHEL","Elevator Inspection Contractor License (SH131)","Vertical Transportation Consulting LLC","VTC Elevator","430 Franklin St",,"Schenectady","NY","12305","5189827001","2025-11-20T00:00:00.000","2027-12-31T00:00:00.000","Active"
"25-61CJ3-SHEL","Elevator Contractor License (SH131)","Warren Elevator Service Co., Inc.",,"227 Eagle Street",,"Brooklyn","NY","11222","7183891234","2025-10-06T00:00:00.000","2027-12-31T00:00:00.000","Active"
"26-66NYB-SHEL","Elevator Contractor License (SH131)","Wesley Elevator, LLC","Wesley Elevator, LLC","235 South Water Street",,"Lewiston","NY","14092","7166091502","2026-02-13T00:00:00.000","2028-02-29T00:00:00.000","Active"
"23-6ITBX-SHEL","Elevator Inspection Contractor License (SH131)","AC Elevator Industries Inc.",,"50-49 49th Street",,"Woodside","NY","11377","7182047428","2023-12-28T00:00:00.000","2025-12-31T00:00:00.000","Expired"
"26-6LSS8-SHEL","Elevator Inspection Contractor License (SH131)","AMBER ELEVATOR INSPECTIONS INC.","SKY ELEVATORS NYC","43-16 12th Street",,"Long Island City","NY","11101","7183922150","2026-01-06T00:00:00.000","2027-12-31T00:00:00.000","Active"
"25-6IROI-SHEL","Elevator Contractor License (SH131)","Access Elevator & Lift, Inc",,"3970 N Main Street Ext",,"Jamestown","NY","14701","7164833696","2025-12-30T00:00:00.000","2027-12-31T00:00:00.000","Active"
"25-6HS97-SHEL","Elevator Contractor License (SH131)","Accountable Energy Solutions LLC","Accountable Energy Solutions","36570 Palomino Ct.",,"Palmdale","CA","93550","5303143242","2025-09-19T00:00:00.000","2027-09-30T00:00:00.000","Active"
"1312200157","Elevator Contractor License (SH131)","Admiral Elevator Corp.",,"260 W 35th St Ste 502",,"New York","NY","10001","2125642299","2022-01-03T00:00:00.000","2024-01-03T00:00:00.000","Expired"
"23-6LCN1-SHEL","Elevator Inspection Contractor License (SH131)","Alliance Elevator Company, LLC","Unitec Elevator","36-36 33rd Street","Suite #104","Long Island City","NY","11106","9292063040","2023-11-02T00:00:00.000","2025-11-30T00:00:00.000","Expired"
"24-6Z8YB-SHEL","Elevator Inspection Contractor License (SH131)","Alrac Escalators LLC","Alrac Elevator","310 Nassau Ave","Suite 304","Brooklyn","NY","11222","7185599018","2024-03-04T00:00:00.000","2026-03-31T00:00:00.000","Expired"
"25-61QLC-SHEL","Elevator Inspection Contractor License (SH131)","Ascend Consulting Group LLC",,"524 2nd St",,"Brooklyn","NY","11215","9475991916","2025-10-06T00:00:00.000","2027-12-31T00:00:00.000","Active"
"26-69CFD-SHEL","Elevator Contractor License (SH131)","Atta Elevators New York Inc.",,"47 South 5th Street - Suite 1C",,"Brooklyn","NY","11249","3476960891","2026-07-01T00:00:00.000","2028-07-31T00:00:00.000","Active"
"1312200193","Elevator Contractor License (SH131)","Automated Elevator Systems",,"659 Jersey Ave",,"Greenwood Lake","NY","10925","8459139281","2022-01-12T00:00:00.000","2024-01-12T00:00:00.000","Expired"
"25-61EVO-SHEL","Elevator Inspection Contractor License (SH131)","Banton Elevator LLC",,"3607 20th Ave",,"Astoria","NY","11105","9089309405","2025-12-23T00:00:00.000","2027-12-31T00:00:00.000","Active"
"26-66B65-SHEL","Elevator Contractor License (SH131)","Bergan-Passaic Elevator of NY, Inc","BP Elevator Co.","1400 Parker Street",,"BRONX","NY","10462","2128078200","2026-02-13T00:00:00.000","2028-02-29T00:00:00.000","Active"
"24-6AKFG-SHEL","Elevator Contractor License (SH131)","Built Elevators & Enterprises Inc",,"132 Franklin Place","Suite 21","Woodmere","NY","11598","6318891607","2024-05-30T00:00:00.000","2026-05-31T00:00:00.000","Expired"
"25-6L6OR-SHEL","Elevator Contractor License (SH131)","CHAMPION ELEVATOR CORPORATION","CHAMPION ELEVATOR","1450 Broadway",,"New York","NY","10018","2147014430","2025-11-13T00:00:00.000","2028-01-31T00:00:00.000","Active"
"26-6A8EV-SHEL","Elevator Contractor License (SH131)","Centennial Elevator Industries Inc",,"24-35 47th Street",,"Astoria","NY","11103","7187265900","2026-03-11T00:00:00.000","2028-05-31T00:00:00.000","Active"
"26-67SS5-SHEL","Elevator Contractor License (SH131)","Close Loop Operations","Elite Elevator Group","54 Woodland Drive",,"Port Chester","NY","10573","9294600011","2026-01-06T00:00:00.000","2028-01-31T00:00:00.000","Active"
"25-6IBSK-SHEL","Elevator Contractor License (SH131)","D.C.B. ELEVATOR CO., INC.",,"100 N 3rd St",,"Lewiston","NY","14092","7168072162","2025-11-06T00:00:00.000","2027-12-31T00:00:00.000","Active"
"26-6LFRX-SHEL","Elevator Inspection Contractor License (SH131)","Day Accessibility & Mobility Solutions, Inc.","Day Elevator & Lift","147 East 2nd Street","Suite 101","MINEOLA","NY","11501","5164865438","2026-04-13T00:00:00.000","2028-01-31T00:00:00.000","Active"
"1312200195","Elevator Contractor License (SH131)","Dura-Lift, Inc",,"201 Hartle St Ste B",,"Sayreville","NJ","08872","7328414675","2022-01-12T00:00:00.000","2024-01-12T00:00:00.000","Expired"
"1312200218","Elevator Contractor License (SH131)","E3Tech LLC",,"5946 55th Dr",,"Maspeth","NY","11378","7187299039","2022-02-10T00:00:00.000","2024-02-10T00:00:00.000","Expired"
"1312300260","Elevator Contractor License (SH131)","EazyLift Albany, LLC","The Albany Lift Company","747 Pierce Rd",,"Clifton Park","NY","12065","5185276779","2023-03-09T00:00:00.000","2025-03-09T00:00:00.000","Expired"
"1312200209","Elevator Inspection Contractor License (SH131)","Elevator Consulting / Inspections & Tests LLC",,"109 Ellis St",,"Staten Island","NY","10307","9177014788","2022-01-18T00:00:00.000","2024-01-18T00:00:00.000","Expired"
"26-6LQS7-SHEL","Elevator Contractor License (SH131)","Elevator Refurbishing Corp.",,"2 Spooner Street",,"Floral Park","NY","11001","5163545642","2026-02-25T00:00:00.000","2027-12-31T00:00:00.000","Active"
"25-6HZB5-SHEL","Elevator Contractor License (SH131)","Elite Elevator of New York LLC",,"356 Route 202 Suite 1",,"Somers","NY","10589","9144868538","2025-09-19T00:00:00.000","2027-09-30T00:00:00.000","Active"
"1312200180","Elevator Contractor License (SH131)","Epic Elevator NYC Incorporated",,"351 Walker Street",,"Staten Island","NY","10303","9174556176","2022-01-05T00:00:00.000","2024-01-05T00:00:00.000","Expired"
"26-69NJZ-SHEL","Elevator Contractor License (SH131)","FORMA ELEVATOR GROUP INC",,"33 ESSEX STREET","CELLAR","NEW YORK","NY","10002","7185763538","2026-06-02T00:00:00.000","2028-06-30T00:00:00.000","Active"
"23-6LP4D-SHEL","Elevator Inspection Contractor License (SH131)","First Choice Elevator Inc.","Elevator Compliance Services","35-06 Farrington Street","2nd Floor","Flushing","NY","11354","3475060994","2023-11-06T00:00:00.000","2025-12-31T00:00:00.000","Expired"
"26-67Z6O-SHEL","Elevator Contractor License (SH131)","Flower City Elevator, Inc.",,"5407 Arbor Road",,"Ontario","NY","14519","5853674478","2026-01-12T00:00:00.000","2028-01-31T00:00:00.000","Active"
"24-6ZULP-SHEL","Elevator Contractor License (SH131)","GOLDEN ELEVATOR CO. INC.",,"589 E 132nd St",,"Bronx","NY","10454","9175782667","2024-04-01T00:00:00.000","2026-01-31T00:00:00.000","Expired"
"25-61KN3-SHEL","Elevator Inspection Contractor License (SH131)","Gotham Elevator Inspection Inc",,"650 Halstead Ave Ste 106",,"Mamaroneck","NY","10543","9178544225","2025-10-03T00:00:00.000","2027-12-31T00:00:00.000","Active"
"25-6L4U9-SHEL","Elevator Contractor License (SH131)","H.P. Elevator and Electrical Services, Inc.",,"780 Gulf Ave",,"Staten Island","NY","10314","7187613979","2025-11-12T00:00:00.000","2027-12-31T00:00:00.000","Active"
"26-9YBHD-SHEL","Elevator Contractor License (SH131)","Hanna Elevator Company LLC","Simmons Elevator Co","221 Harborside Dr","Apt 331","Schenectady","NY","12305","5189021994","2026-09-15T00:00:00.000","2028-09-30T00:00:00.000","Active"
"26-658UC-SHEL","Elevator Contractor License (SH131)","Highride Elevator Services Inc",,"609 Marcy Ave",,"Brooklyn","NY","11206","7186192699","2026-02-04T00:00:00.000","2028-02-29T00:00:00.000","Active"
"25-6LJ58-SHEL","Elevator Contractor License (SH131)","ISLAND ELEVATOR INSPECTION, INC.","Island Elevator","2100 Artic Ave Unit 2",,"Bohemia","NY","11716","6315328547","2025-10-09T00:00:00.000","2027-12-31T00:00:00.000","Active"
"25-61ELZ-SHEL","Elevator Contractor License (SH131)","Innocore Pro Elevator, Inc.",,"15405 Barclay Ave",,"Flushing","NY","11355","7189717676","2025-10-03T00:00:00.000","2027-12-31T00:00:00.000","Active"
"25-6HS95-SHEL","Elevator Contractor License (SH131)","Ionic Elevator LTD.",,"10600 North Clinton Avenue",,"Rochester","NY","14621","5855444300","2025-09-19T00:00:00.000","2027-09-30T00:00:00.000","Active"
"25-61C9L-SHEL","Elevator Inspection Contractor License (SH131)","Jam Electrical Corp",,"1133 6th ave 28th fl",,"New York","NY","10036","2122650142","2025-10-06T00:00:00.000","2027-12-31T00:00:00.000","Active"
"25-61KEE-SHEL","Elevator Inspection Contractor License (SH131)","K & J Lift Inc.",,"75 Eckford St Fl 1",,"Brooklyn","NY","11222","7183846530","2025-10-06T00:00:00.000","2027-12-31T00:00:00.000","Active"
"25-65E56-SHEL","Elevator Contractor License (SH131)","Kings III of America, LLC","Kings III Emergency Communicat","751 Canyon Drive","Suite 100","Coppell","TX","75019","9724620611","2025-04-02T00:00:00.000","2027-04-30T00:00:00.000","Active"
"1312200203","Elevator Contractor License (SH131)","LBOE INC.",,"9434 221st St",,"Queens Village","NY","11428","9172756095","2022-01-14T00:00:00.000","2024-01-14T00:00:00.000","Expired"
"25-67UI6-SHEL","Elevator Inspection Contractor License (SH131)","Lerch Bates Inspection Services LLC",,"1430 Broadway Suite 203",,"New York","NY","10018","3479703387","2025-12-23T00:00:00.000","2027-12-31T00:00:00.000","Active"
"26-63PCL-SHEL","Elevator Contractor License (SH131)","Lift Elevator, LLC",,"151 West Lincoln Avenue",,"Mount Vernon","NY","10550","9146680002","2026-06-23T00:00:00.000","2028-06-30T00:00:00.000","Active"
"25-6IGYV-SHEL","Elevator Contractor License (SH131)","MAJOR ELEVATOR CORP.",,"160 27th St",,"Brooklyn","NY","11232","9177665924","2025-10-15T00:00:00.000","2027-12-31T00:00:00.000","Active"
"25-6IGFS-SHEL","Elevator Contractor License (SH131)","McGee Elevator, Inc.",,"285 Schrader Hill Road",,"HERKIMER","NY","13350","5184412215","2025-12-04T00:00:00.000","2027-12-31T00:00:00.000","Active"
"25-6IGBJ-SHEL","Elevator Contractor License (SH131)","Metro Elevator NY NJ, Inc.",,"31 West 34th Street","Suite 7076","New York","NY","10001","2129672080","2025-10-06T00:00:00.000","2027-12-31T00:00:00.000","Active"
"25-61Q6R-SHEL","Elevator Contractor License (SH131)","Millennium Elevator Enterprises, LLC",,"2618 Avenue Z",,"Brooklyn","NY","11235",,"2025-11-13T00:00:00.000","2028-01-31T00:00:00.000","Active"
"25-6LCHJ-SHEL","Elevator Inspection Contractor License (SH131)","Moving Up Lifts Inc",,"5961 Amboy Rd",,"Staten Island","NY","10309","9179839040","2025-10-03T00:00:00.000","2027-12-31T00:00:00.000","Active"
"1312200197","Elevator Contractor License (SH131)","NY / NJ Elevator Corp.",,"233 Dover Grn",,"Staten Island","NY","10312","7189289439","2022-01-13T00:00:00.000","2024-01-13T00:00:00.000","Expired"
"25-61KXS-SHEL","Elevator Inspection Contractor License (SH131)","New York Elevator Consultants Incorporated",,"576 5th Ave Rm 903",,"New York","NY","10036","9177213549","2025-11-21T00:00:00.000","2027-12-31T00:00:00.000","Active"
"25-6LGZL-SHEL","Elevator Inspection Contractor License (SH131)","Newmont Elevator Analyst INC",,"90 Ricefield Pl",,"Georgetown","SC","29440","8459439578","2025-11-24T00:00:00.000","2027-12-31T00:00:00.000","Active"
"25-6ZZRD-SHEL","Elevator Contractor License (SH131)","North American Elevator Inc.",,"North American Elevator Inc.",,"New York","NY","10001",,"2025-12-30T00:00:00.000","2027-12-31T00:00:00.000","Active"
"25-61E8U-SHEL","Elevator Inspection Contractor License (SH131)","Nouveau Elevator Industries LLC",,"4755 37th St",,"Long Island City","NY","11101","7183494700","2025-11-06T00:00:00.000","2027-12-31T00:00:00.000","Active"
"25-6HLXU-SHEL","Elevator Inspection Contractor License (SH131)","Orange County Elevator LLC",,"761 Silver Lake Scotchtown Rd",,"Middletown","NY","10941","8456922005","2025-09-10T00:00:00.000","2027-09-30T00:00:00.000","Active"
"26-69X4G-SHEL","Elevator Contractor License (SH131)","PF Spring LLC","Spring Elevator","1250 Broadway","36 Floor","New York","NY","10001","3473190825","2026-07-15T00:00:00.000","2028-07-31T00:00:00.000","Active"
"24-6I6SX-SHEL","Elevator Contractor License (SH131)","Parkline Elevator Cabs, Inc.","Parkline Industries","770 Allerton Ave",,"Bronx","NY","10467","5164357898","2024-01-23T00:00:00.000","2026-01-31T00:00:00.000","Expired"
"25-61G7I-SHEL","Elevator Inspection Contractor License (SH131)","Pinnacle Elevator Solutions LLC",,"2778 W 15th Street",,"Brooklyn","NY","11224","6468931695","2025-07-14T00:00:00.000","2027-09-30T00:00:00.000","Active"
"26-6HF7O-SHEL","Elevator Contractor License (SH131)","Precision Elevator Corp.",,"257 51st Street",,"Brooklyn","NY","11220","7187827800","2026-06-23T00:00:00.000","2027-12-31T00:00:00.000","Active"
"24-6AOBO-SHEL","Elevator Contractor License (SH131)","Rails Elevator Inc",,"98 Skillman Street, Apt 6R",,"Brooklyn","NY","11205","3474521411","2024-06-17T00:00:00.000","2026-06-30T00:00:00.000","Expired"
"25-6LYB1-SHEL","Elevator Inspection Contractor License (SH131)","Richmond Elevator Co.",,"17 Rector St",,"Staten Island","NY","10310","7187203301","2025-12-04T00:00:00.000","2028-01-31T00:00:00.000","Active"
"1312300257","Elevator Contractor License (SH131)","Ryan Engell","CNY Lift Systems","10259 Bailey Lake Rd",,"Waterville","NY","13480","3159419561","2023-01-13T00:00:00.000","2025-01-13T00:00:00.000","Expired"
"26-641FG-SHEL","Elevator Contractor License (SH131)","START ELEVATOR LLC",,"4350 BULLARD AVE",,"BRONX","NY","10466","7183249166","2026-08-19T00:00:00.000","2028-08-31T00:00:00.000","Active"
"23-6IB5Y-SHEL","Elevator Inspection Contractor License (SH131)","Signature Elevator Maintenance Inc.",,"1086 Myrtle Ave","Suite 202","Brooklyn","NY","11206","2123543686","2023-12-06T00:00:00.000","2025-12-31T00:00:00.000","Expired"
"26-6Z34L-SHEL","Elevator Inspection Contractor License (SH131)","Solid Service Elevator Corporation",,"2628 Saint Raymond Avenue",,"Bronx","NY","10461","7188227732","2026-02-05T00:00:00.000","2028-04-30T00:00:00.000","Active"
"25-6H8V7-SHEL","Elevator Contractor License (SH131)","South Lift Corporation",,"1410 61st Street",,"Brooklyn","NY","11219","7328982838","2025-07-21T00:00:00.000","2027-07-31T00:00:00.000","Active"
"25-6HPI4-SHEL","Elevator Contractor License (SH131)","Strong Elevator Service LLC",,"100 Surrey Lane",,"Arthur","IL","61911","2172590499","2025-08-14T00:00:00.000","2027-08-31T00:00:00.000","Active"
"23-6IRB4-SHEL","Elevator Contractor License (SH131)","Syracuse Elevator Co., LLC",,"26 Corporate Circle",,"E Syracuse","NY","13057","3154140863","2023-12-08T00:00:00.000","2025-12-31T00:00:00.000","Expired"
"25-63C6P-SHEL","Elevator Contractor License (SH131)","THE PEELLE COMPANY",,"34 E. Main Street #372",,"Smithtown","NY","11787","8007875020","2025-11-12T00:00:00.000","2028-01-31T00:00:00.000","Active"
"24-6ZA5Q-SHEL","Elevator Inspection Contractor License (SH131)","Tectonic Engineering Consultants, Geologists, & La",,"70 Pleasant Hill Road",,"Mountainville","NY","10953","8455345959","2024-04-12T00:00:00.000","2026-04-30T00:00:00.000","Expired"
"25-6U6CC-SHEL","Elevator Inspection Contractor License (SH131)","Triboro Elevator Consultants LLC",,"181 Hillside Avenue",,"Williston Park","NY","11596",,"2025-12-05T00:00:00.000","2027-12-31T00:00:00.000","Active"
"23-6UH8T-SHEL","Elevator Contractor License (SH131)","UNIVERSAL ELEVATOR GROUP LLC","UNIVERSAL ELEVATOR","4 53rd St",,"Brooklyn","NY","11232","7184865000","2023-10-13T00:00:00.000","2025-12-31T00:00:00.000","Expired"
"23-6L5HU-SHEL","Elevator Inspection Contractor License (SH131)","United Elevator Inspection & Consulting Co. Inc.","United Elevator Consultants","One Penn Plaza","Suite 1506","New York","NY","10119","2125946060","2023-11-29T00:00:00.000","2025-12-31T00:00:00.000","Expired"
"26-66FD4-SHEL","Elevator Inspection Contractor License (SH131)","Urban Engineers of New York, D.P.C.",,"370 Seventh Avenue","Suite 1800","New York","NY","10001","2127369100","2026-02-25T00:00:00.000","2028-02-29T00:00:00.000","Active"
"26-6IAZU-SHEL","Elevator Inspection Contractor License (SH131)","Vertical Operating Services LLC",,"8 Wellington Drive",,"Princeton Junction","NJ","08550","2124702474","2026-01-05T00:00:00.000","2027-12-31T00:00:00.000","Active"
"26-6A7CE-SHEL","Elevator Contractor License (SH131)","Vista Elevator Technologies LLC",,"3251 3 Avenue","3rd Floor","Bronx","NY","10456","3155433260","2026-06-03T00:00:00.000","2028-08-31T00:00:00.000","Active"
"24-6SHCT-SHEL","Elevator Contractor License (SH131)","Waymark Elevator, Inc.",,"140-03 Queens Blvd",,"Jamaica","NY","11435","3473506015","2024-02-21T00:00:00.000","2026-02-28T00:00:00.000","Expired"
"25-64VDH-SHEL","Elevator Contractor License (SH131)","capacity elevator industries corporation",,"42 Broadway Fl 12",,"New York","NY","10004","2122923070","2025-01-06T00:00:00.000","2025-12-31T00:00:00.000","Expired"
"23-6ITY6-SHEL","Elevator Contractor License (SH131)","AC Elevator Industries Inc.",,"50-49 49th Street",,"Woodside","NY","11377","7182047428","2023-12-28T00:00:00.000","2025-12-31T00:00:00.000","Expired"
"26-6LSSN-SHEL","Elevator Contractor License (SH131)","AMBER ELEVATOR INSPECTIONS INC.","SKY ELEVATORS NYC","43-16 12th Street",,"Long Island City","NY","11101","7183922150","2026-01-06T00:00:00.000","2027-12-31T00:00:00.000","Active"
"25-6U6QP-SHEL","Elevator Contractor License (SH131)","Able-Care Group LLC",,"83 Chamberlain Ave",,"Elmwood Park","NJ","07407","2012822233","2025-10-31T00:00:00.000","2027-10-31T00:00:00.000","Active"
"24-6S8ZC-SHEL","Elevator Contractor License (SH131)","Accessibility Systems Inc.",,"527 Hinesburg Rd",,"Richmond","VT","05477","8667348372","2024-02-05T00:00:00.000","2026-04-30T00:00:00.000","Expired"
"1312200219","Elevator Contractor License (SH131)","Admiral Elevator Company, Inc.",,"9341 Philadelphia Road",,"Baltimore","MD","21237",,"2022-02-10T00:00:00.000","2024-02-10T00:00:00.000","Expired"
"26-6L8HT-SHEL","Elevator Contractor License (SH131)","All-Ways Elevator, Inc.",,"5 Davids Drive",,"Hauppauge","NY","11788","6315631240","2026-01-22T00:00:00.000","2028-01-31T00:00:00.000","Active"
"1312200207","Elevator Contractor License (SH131)","Alpha Elevator, Inc.",,"6143 186th St Ste 307",,"Fresh Meadows","NY","11365","8447391400","2022-01-18T00:00:00.000","2024-01-18T00:00:00.000","Expired"
"25-6LZ3F-SHEL","Elevator Inspection Contractor License (SH131)","Architectural Resources, D.P.C.",,"505 Franklin Street",,"Buffalo","NY","14202","7168835566","2025-12-11T00:00:00.000","2028-01-31T00:00:00.000","Active"
"24-6ZZFK-SHEL","Elevator Inspection Contractor License (SH131)","Assured Elevator LLC",,"5 Macory Way",,"Gansevoort","NY","12831","5187966631","2024-04-09T00:00:00.000","2026-01-31T00:00:00.000","Expired"
"26-61C53-SHEL","Elevator Contractor License (SH131)","Authentic Elevator Services, Corp.",,"303 Wolfs Lane","1st Floor","Pelham","NY","10803","7187420800","2026-04-09T00:00:00.000","2027-12-31T00:00:00.000","Active"
"26-6U6QB-SHEL","Elevator Contractor License (SH131)","BSIS, Inc.","Building Supply and Installati","47 Mall Dr Ste 6",,"Commack","NY","11725","6315193979","2026-01-02T00:00:00.000","2027-12-31T00:00:00.000","Active"
"24-6AZRZ-SHEL","Elevator Contractor License (SH131)","Belco Elevator & Lift, Inc.",,"2318 Stony Point Road",,"Grand Island","NY","14072","7168963166","2024-07-11T00:00:00.000","2026-01-31T00:00:00.000","Expired"
"25-6IZ6P-SHEL","Elevator Inspection Contractor License (SH131)","Boca Group International, Inc.",,"200 Park Ave","11th Floor","New York","NY","10166","2129837010","2025-12-23T00:00:00.000","2028-01-31T00:00:00.000","Active"
"23-6IN5T-SHEL","Elevator Inspection Contractor License (SH131)","CBA Elevator Consultants, LLC",,"215 East Gun Hill Road",,"Bronx","NY","10467","7184459400","2023-12-07T00:00:00.000","2026-02-28T00:00:00.000","Expired"
"25-6LUIA-SHEL","Elevator Inspection Contractor License (SH131)","Capital District Elevator LLC",,"1737 Union St # 150",,"Schenectady","NY","12309","5183462002","2025-11-24T00:00:00.000","2028-01-31T00:00:00.000","Active"
"25-63KDJ-SHEL","Elevator Inspection Contractor License (SH131)","Century Elevator Maintenance Corporation",,"2525 49th St",,"Long Island City","NY","11103","9179379325","2025-11-04T00:00:00.000","2027-12-31T00:00:00.000","Active"
"25-6SRUL-SHEL","Elevator Contractor License (SH131)","D & D Elevator Maintenance, Inc.",,"38 Hayes St",,"Elmsford","NY","10523","9144034344","2025-12-02T00:00:00.000","2027-12-31T00:00:00.000","Active"
"26-6LFRP-SHEL","Elevator Contractor License (SH131)","Day Accessibility & Mobility Solutions, Inc.","Day Elevator & Lift","147 East 2nd Street","Suite 101","MINEOLA","NY","11501","5164865438","2026-04-13T00:00:00.000","2027-12-31T00:00:00.000","Active"
"1312200196","Elevator Contractor License (SH131)","Dunwell Elevator Electrical Industries, Inc.",,"879 Grand St",,"Brooklyn","NY","11211","7183887575","2022-01-12T00:00:00.000","2024-01-12T00:00:00.000","Expired"
"1312200186","Elevator Inspection Contractor License (SH131)","E3Tech LLC",,"5946 55th Dr",,"Maspeth","NY","11378","7187299039","2022-01-11T00:00:00.000","2024-01-11T00:00:00.000","Expired"
"1312200242","Elevator Contractor License (SH131)","Eagle Elevator Company, Inc.",,"60 Shawmut Rd Ste 1",,"Canton","MA","02021","6172218606","2022-04-14T00:00:00.000","2024-04-14T00:00:00.000","Expired"
"23-6IJDR-SHEL","Elevator Inspection Contractor License (SH131)","Elevation Elevator Group Inc.",,"295 Kingsley Ave",,"Staten Island","NY","10314","8552852769","2023-12-14T00:00:00.000","2025-12-31T00:00:00.000","Expired"
"26-6ZLRV-SHEL","Elevator Inspection Contractor License (SH131)","Elevator Management & Consulting, Inc.",,"540 President Street, 3rd Floor",,"Brooklyn","NY","11215","3474105360","2026-06-02T00:00:00.000","2028-03-31T00:00:00.000","Active"
"25-6LU6T-SHEL","Elevator Contractor License (SH131)","Elevattitt, Inc",,"210 Marcellus St",,"Syracuse","NY","13204","3157667082","2025-11-18T00:00:00.000","2027-12-31T00:00:00.000","Active"
"25-671XQ-SHEL","Elevator Contractor License (SH131)","Empire State Elevator LLC",,"368 Crescent St",,"Brooklyn","NY","11208","3472211396","2025-12-18T00:00:00.000","2027-12-31T00:00:00.000","Active"
"26-66NYG-SHEL","Elevator Inspection Contractor License (SH131)","Evolve Elevator LLC",,"341 BUNKER DR",,"OCEANSIDE","NY","11572","3476457248","2026-02-13T00:00:00.000","2028-02-29T00:00:00.000","Active"
"25-6IHLE-SHEL","Elevator Contractor License (SH131)","Ferens Elevator Company Inc.",,"1921 Route 9, Unit 1",,"Germantown","NY","12526","8454712930","2025-12-05T00:00:00.000","2028-01-31T00:00:00.000","Active"
"23-6IB36-SHEL","Elevator Contractor License (SH131)","Florlift of NJ, Inc.",,"19 Gardner Road","Suite M","Fairfield","NJ","07004","9734841717","2023-12-06T00:00:00.000","2025-12-31T00:00:00.000","Expired"
"25-6LE1Z-SHEL","Elevator Contractor License (SH131)","G-Tech Elevator Associates LLC",,"330 Dalziel Rd",,"Linden","NJ","07036","8666589296","2025-11-13T00:00:00.000","2027-12-31T00:00:00.000","Active"
"25-6LY9Z-SHEL","Elevator Contractor License (SH131)","Gotham Elevator Inspection Inc",,"650 Halstead Ave Ste 106",,"Mamaroneck","NY","10543","9178544225","2025-11-04T00:00:00.000","2028-01-31T00:00:00.000","Active"
"26-61X8U-SHEL","Elevator Contractor License (SH131)","Guardsman Elevator Co., Inc.",,"276 East 150th Street",,"Bronx","NY","10451","7184023700","2026-06-03T00:00:00.000","2027-12-31T00:00:00.000","Active"
"23-6IN9L-SHEL","Elevator Contractor License (SH131)","Handi-Lift Inc",,"730 Garden St",,"Carlstadt","NJ","07072",,"2023-12-07T00:00:00.000","2025-12-31T00:00:00.000","Expired"
"26-6I3TC-SHEL","Elevator Inspection Contractor License (SH131)","HighRise Consulting LLC",,"219 36th Street","Unit 25","Brooklyn","NY","11232","7187556435","2026-01-16T00:00:00.000","2027-12-31T00:00:00.000","Active"
"25-6LJ55-SHEL","Elevator Inspection Contractor License (SH131)","ISLAND ELEVATOR INSPECTION, INC.","Island Elevator","2100 Artic Ave Unit 2",,"Bohemia","NY","11716","6315328547","2025-10-09T00:00:00.000","2027-12-31T00:00:00.000","Active"
"1312200187","Elevator Contractor License (SH131)","InnerCity Elevator Corp.",,"1101 E Gun Hill Rd",,"Bronx","NY","10469","9177086299","2022-01-11T00:00:00.000","2024-01-11T00:00:00.000","Expired"
"25-6L136-SHEL","Elevator Inspection Contractor License (SH131)","Insparisk LLC",,"6143 186th St",,"Fresh Meadows","NY","11365","8884646772","2025-11-20T00:00:00.000","2028-01-31T00:00:00.000","Active"
"26-61Q7N-SHEL","Elevator Contractor License (SH131)","Jam Electrical Corp",,"1133 6th ave 28th fl",,"New York","NY","10036","2122650142","2026-01-06T00:00:00.000","2028-03-31T00:00:00.000","Active"
"25-6LOSR-SHEL","Elevator Contractor License (SH131)","Joseph F. Schneider & Associates, Inc.","Schneider Elevator","1170 Lincoln Ave Unit 6",,"Holbrook","NY","11741","6318005188","2025-12-23T00:00:00.000","2027-12-31T00:00:00.000","Active"
"23-6L7CY-SHEL","Elevator Contractor License (SH131)","KTK Mobility Inc","101 Mobility","55 Central Ave Ste B",,"Farmingdale","NY","11735",,"2023-11-30T00:00:00.000","2026-02-28T00:00:00.000","Expired"
"26-6ISYV-SHEL","Elevator Contractor License (SH131)","Kone Inc.",,"47-36 36th Street",,"Long Island City","NY","11101","7183617200","2026-01-22T00:00:00.000","2028-01-31T00:00:00.000","Active"
"25-65ZCJ-SHEL","Elevator Contractor License (SH131)","LJM Construction LLC","Keystone Elevator Group","46 Pine Trail",,"Carmel","NY","10512","6469882970","2025-05-23T00:00:00.000","2027-05-31T00:00:00.000","Active"
"25-6I6U7-SHEL","Elevator Contractor License (SH131)","Liberty Elevator Corporation",,"630 Ninth Avenue","Suite 911","New York","NY","10036","2013966276","2025-12-30T00:00:00.000","2028-01-31T00:00:00.000","Active"
"25-6IGYT-SHEL","Elevator Inspection Contractor License (SH131)","MAJOR ELEVATOR CORP.",,"160 27th St",,"Brooklyn","NY","11232","9177665924","2025-10-15T00:00:00.000","2027-12-31T00:00:00.000","Active"
"26-675SU-SHEL","Elevator Contractor License (SH131)","Maglift, LLC",,"1788 E 174th St",,"Bronx","NY","10472","6464693744","2026-01-22T00:00:00.000","2028-01-31T00:00:00.000","Active"
"25-67N9X-SHEL","Elevator Inspection Contractor License (SH131)","Metro Elevator NY NJ, Inc.",,"31 West 34th Street","Suite 7076","New York","NY","10001","2129672080","2025-10-28T00:00:00.000","2027-10-31T00:00:00.000","Active"
"26-6LFD1-SHEL","Elevator Contractor License (SH131)","Midtown Elevator Co Inc",,"3483 Ft Hamilton Parkway",,"Brooklyn","NY","11218","2018711001","2026-06-23T00:00:00.000","2027-12-31T00:00:00.000","Active"
"25-6LZN6-SHEL","Elevator Inspection Contractor License (SH131)","Morgan Elevator Company, LTD.",,"39-23 29 Street",,"Long Island City","NY","11101","7189869119","2025-12-23T00:00:00.000","2027-12-31T00:00:00.000","Active"
"25-6L7CR-SHEL","Elevator Inspection Contractor License (SH131)","Muray and Sena, LLC",,"2 Whitney Ave",,"East Norwich","NY","11732","7187674358","2025-12-02T00:00:00.000","2027-12-31T00:00:00.000","Active"
"25-64564-SHEL","Elevator Contractor License (SH131)","National Seating & Mobility, Inc.",,"747 Pierce Road, Suite C",,"Clifton Park","NY","12065","4237562268","2025-02-25T00:00:00.000","2027-04-30T00:00:00.000","Active"
"25-6IB4K-SHEL","Elevator Contractor License (SH131)","New York Tech Industries Inc.","New York Tech Elevator","21865 99th Ave",,"Queens Village","NY","11429","9174687032","2025-12-23T00:00:00.000","2027-12-31T00:00:00.000","Active"
"25-6L4UY-SHEL","Elevator Contractor License (SH131)","Noble Elevator Company Inc.","Noble Elevator Company Inc.","1655 Sycamore Ave",,"Bohemia","NY","11716","6319814100","2025-10-30T00:00:00.000","2027-12-31T00:00:00.000","Active"
"25-61EEB-SHEL","Elevator Contractor License (SH131)","Nouveau Elevator Industries LLC",,"4755 37th St",,"Long Island City","NY","11101","7183494700","2025-11-06T00:00:00.000","2027-12-31T00:00:00.000","Active"
"25-61X79-SHEL","Elevator Contractor License (SH131)","Orange County Elevator LLC",,"761 Silver Lake Scotchtown Rd",,"Middletown","NY","10941","8456922005","2025-09-10T00:00:00.000","2027-10-31T00:00:00.000","Active"
"26-6IV3G-SHEL","Elevator Inspection Contractor License (SH131)","P.S. Marcato Elevator Co., Inc.",,"4411 11th St",,"Long Island City","NY","11101","7183926445","2026-01-02T00:00:00.000","2027-12-31T00:00:00.000","Active"
"26-6ADLX-SHEL","Elevator Contractor License (SH131)","Pace Elevator Inc",,"183 Lockwood Ave","Flr 2","Buffalo","NY","14220","6474564008","2026-06-08T00:00:00.000","2028-05-31T00:00:00.000","Active"
"25-6L7CS-SHEL","Elevator Inspection Contractor License (SH131)","Pezol Elevator Services Inc.",,"15253 10th Ave Ste 208",,"Whitestone","NY","11357","9299487714","2025-11-18T00:00:00.000","2027-12-31T00:00:00.000","Active"
"26-66SUR-SHEL","Elevator Contractor License (SH131)","Power Climber Wind, a division of SafeWorks, LLC",,"365 Upland Drive",,"Tukwila","WA","98188","2065770148","2026-04-22T00:00:00.000","2028-04-30T00:00:00.000","Active"
"25-65UYA-SHEL","Elevator Contractor License (SH131)","RLN Enterprises, Inc.","Westside Medical Supply","765 Elmgrove Road",,"Rochester","NY","14624","5852278750","2025-05-08T00:00:00.000","2027-05-31T00:00:00.000","Active"
"25-6HLXQ-SHEL","Elevator Contractor License (SH131)","Residential Elevators, LLC",,"2958 Wellington Circle",,"Tallahassee","FL","32309","8008322004","2025-09-10T00:00:00.000","2027-09-30T00:00:00.000","Active"
"25-6LVLQ-SHEL","Elevator Contractor License (SH131)","Rise Elevator Inspections LLC",,"168 Norfolk St",,"Brooklyn","NY","11235","9177267078","2025-12-02T00:00:00.000","2027-12-31T00:00:00.000","Active"
"25-6IEOU-SHEL","Elevator Inspection Contractor License (SH131)","SAVKOM Inc",,"757 3rd Ave Fl 21",,"New York","NY","10017","9177598566","2025-10-03T00:00:00.000","2027-12-31T00:00:00.000","Active"
"1312200245","Elevator Contractor License (SH131)","Sheridan Surgical, Inc.",,"4513 Bailey Ave",,"Buffalo","NY","14226","7168638780","2022-05-09T00:00:00.000","2024-05-09T00:00:00.000","Expired"
"26-6SO7J-SHEL","Elevator Contractor License (SH131)","Slade Industries, Inc.","Slade Elevator","200 Sheffield Street","Suite 305","Mountainside","NJ","07092","9086545300","2026-04-22T00:00:00.000","2028-04-30T00:00:00.000","Active"
"25-671XC-SHEL","Elevator Inspection Contractor License (SH131)","Solucore LLC",,"100 Park Avenue","16th Floor","New York","NY","10017","2128580505","2025-12-18T00:00:00.000","2027-12-31T00:00:00.000","Active"
"1312200214","Elevator Contractor License (SH131)","Stevens Elevator LLC",,"7618 17th Ave",,"Brooklyn","NY","11214","9172998621","2022-01-24T00:00:00.000","2024-01-24T00:00:00.000","Expired"
"25-61JRZ-SHEL","Elevator Contractor License (SH131)","Swift Elevator Corporation",,"25 W Jefryn Blvd Ste D",,"Deer Park","NY","11729","6315979029","2025-10-10T00:00:00.000","2027-12-31T00:00:00.000","Active"
"25-6IB3U-SHEL","Elevator Inspection Contractor License (SH131)","TET Elevator Inspections Inc.",,"415 Onderdonk Ave",,"Ridgewood","NY","11385",,"2025-10-08T00:00:00.000","2027-12-31T00:00:00.000","Active"
"25-64TPK-SHEL","Elevator Contractor License (SH131)","Taconic Elevator Company, Inc.",,"1035 Dutchess Tpke",,"Poughkeepsie","NY","12603","8457041365","2025-01-23T00:00:00.000","2027-03-31T00:00:00.000","Active"
"25-6INYC-SHEL","Elevator Contractor License (SH131)","Tri-State Elevator Co., Inc.",,"511 Fifth Ave",,"Pelham","NY","10803","9147387166","2025-10-03T00:00:00.000","2027-12-31T00:00:00.000","Active"
"25-6I4LJ-SHEL","Elevator Contractor License (SH131)","UNITED DRILLING, INC.",,"62 Appletree Lane",,"Plumsteadville","PA","18949","2157666880","2025-12-11T00:00:00.000","2028-01-31T00:00:00.000","Active"
"24-6IL81-SHEL","Elevator Contractor License (SH131)","Ultimate Elevator Corp",,"77 Cayuga Ave",,"Deer Park","NY","11729",,"2024-01-03T00:00:00.000","2025-12-31T00:00:00.000","Expired"
"25-6IG1K-SHEL","Elevator Inspection Contractor License (SH131)","Upstate Elevator Inspection Services, LLC",,"285 Schrader Hill Rd",,"Herkimer","NY","13350","5188913151","2025-12-02T00:00:00.000","2027-12-31T00:00:00.000","Active"
"25-6LOAX-SHEL","Elevator Contractor License (SH131)","Ver-Tran, Inc.",,"14 Country Club Rd",,"Norway","ME","04268","2077437643","2025-12-22T00:00:00.000","2027-12-31T00:00:00.000","Active"
"25-6LYHF-SHEL","Elevator Contractor License (SH131)","Vertical Transportation Experts LLC",,"14 Burt Drive","Unit F","Deer Park","NY","11729","9293376987","2025-11-28T00:00:00.000","2028-01-31T00:00:00.000","Active"
"26-6ZJHJ-SHEL","Elevator Contractor License (SH131)","Warrior Service Company LLC",,"1173 Grinnel Place","Unit 110","Bronx","NY","10474","8887244344","2026-04-23T00:00:00.000","2028-03-31T00:00:00.000","Active"
"23-6IGQ3-SHEL","Elevator Contractor License (SH131)","ZELKER ELEVATOR CO., INC.",,"4892 Jockey St",,"Ballston Spa","NY","12020","5188829208","2023-12-12T00:00:00.000","2026-03-31T00:00:00.000","Expired"
