comu,treasurycode,muniname,munitype,county,recordid,block,lot,permitno,status,permitstatusdesc,permitdate,certdate,permittype,permittypedesc,update,certtype,certtypedesc,certcount,buildfee,plumbfee,electfee,firefee,dcafee,certfee,elevfee,otherfee,totalfee,cubic,squarefeet,constcost,salegained,rentgained,usegroup,usegroupdesc,censusnumber,censusdesc,public,storage,manufactured,hudseal,source,sourcedesc,version,processdate,pk
0101,0101,ABSECON,CITY,ATLANTIC,00000013,567,3,21-70071,P,Permit,2021-07-20T00:00:00.000,,06,Alteration,,,,0,0,0,308,0,19,0,0,0,327,0,0,10000,0,0,A-5,Outdoor Activities,999,Out of Scope OTHER,X,,,,PNJ,PermitsNJ,001,2021-08-09T00:00:00.000,010100000013
0101,0101,ABSECON,CITY,ATLANTIC,00000006,189,3,17-90264,C,Certificate,2017-10-02T00:00:00.000,2021-09-22T00:00:00.000,06,Alteration,,CA,Certificate of Approval,1,340,0,65,0,23,0,0,0,428,0,0,12000,0,0,U,Accessory buildings,999,Out of Scope OTHER,X,,,,PNJ,PermitsNJ,001,2021-10-07T00:00:00.000,010100000006
1103,1103,HAMILTON MERCER,TOWNSHIP,MERCER,10000001,26,1,20240025,P,Permit,2024-03-01T00:00:00.000,,04,New,,,,0,100,0,0,0,10,0,0,0,110,0,1800,350000,1,0,R-5,International Residential Code,101,Single Family,,,,PNJ,PermitsNJ,001,2024-04-07T00:00:00.000,110310000001
1507,1508,TOMS RIVER,TOWNSHIP,OCEAN,20000001,11,2,20240025,P,Permit,2024-03-02T00:00:00.000,,04,New,,,,0,80,0,0,0,8,0,0,0,88,0,1600,280000,1,0,R-5,International Residential Code,101,Single Family,,,,PNJ,PermitsNJ,001,2024-04-07T00:00:00.000,150720000001
0409,0409,CHERRY HILL,TOWNSHIP,CAMDEN,30000001,7,4,24-100,P,Permit,2024-06-15T00:00:00.000,,06,Alteration,X,,,0,0,0,75,0,2,0,0,0,77,0,0,,0,0,R-5,International Residential Code,999,Other,,,,PNJ,PermitsNJ,001,2024-07-07T00:00:00.000,040930000001
0714,0714,NEWARK,CITY,ESSEX,40000001,1,1,24-EXTREME,P,Permit,2024-01-10T00:00:00.000,,04,New,,,,0,0,0,0,0,0,0,0,0,0,0,0,2100495100,0,24,R-2,Multiple family,105,Multifamily,,,,PNJ,PermitsNJ,001,2024-02-07T00:00:00.000,071440000001
0217,0217,FAIR LAWN,BOROUGH,BERGEN,50000001,8,9,BAD-DATE,P,Permit,1113-11-11T00:00:00.000,,06,Alteration,,,,0,50,0,0,0,1,0,0,0,51,0,0,1000,0,0,R-5,International Residential Code,999,Other,,,,PNJ,PermitsNJ,001,2024-03-07T00:00:00.000,021750000001
9999,9999,STATEWIDE,STATEWIDE,STATEWIDE,00000001,0,0,MISSING-GEO,P,Permit,2024-05-01T00:00:00.000,,06,Alteration,,,,0,0,0,0,0,0,0,0,0,0,0,0,0,0,0,U,Accessory,999,Other,,,,PNJ,PermitsNJ,001,2024-06-07T00:00:00.000,999900000001
0101,0101,ABSECON,CITY,ATLANTIC,00000013,567,3,21-70071,P,Permit,2021-07-20T00:00:00.000,,06,Alteration,,,,0,0,0,308,0,19,0,0,0,327,0,0,10000,0,0,A-5,Outdoor Activities,999,Out of Scope OTHER,X,,,,PNJ,PermitsNJ,001,2021-08-09T00:00:00.000,010100000013
