municipality_code,canonical_name,county,classification,observed_rows,observed_p,observed_c,no_records_is_not_zero
0101,Absecon City,ATLANTIC,CURRENT_REPORTING,2078,1446,632,False
0102,Atlantic City City,ATLANTIC,CURRENT_REPORTING,6599,3862,2737,False
0103,Brigantine City,ATLANTIC,CURRENT_REPORTING,3934,2448,1486,False
0104,Buena Borough,ATLANTIC,CURRENT_REPORTING,268,265,3,False
0105,Buena Vista Township,ATLANTIC,CURRENT_REPORTING,1059,278,781,False
0106,Corbin City,ATLANTIC,CURRENT_REPORTING,104,34,70,False
0107,Egg Harbor City,ATLANTIC,CURRENT_REPORTING,1390,906,484,False
0108,Egg Harbor Township,ATLANTIC,CURRENT_REPORTING,6256,3500,2756,False
0109,Estell Manor City,ATLANTIC,CURRENT_REPORTING,380,80,300,False
0110,Folsom Borough,ATLANTIC,CURRENT_REPORTING,406,90,316,False
0111,Galloway Township,ATLANTIC,CURRENT_REPORTING,4962,4349,613,False
0112,Hamilton Township,ATLANTIC,CURRENT_REPORTING,6176,1029,5147,False
0113,Hammonton Town,ATLANTIC,CURRENT_REPORTING,3468,1368,2100,False
0114,Linwood City,ATLANTIC,CURRENT_REPORTING,2152,1223,929,False
0115,Longport Borough,ATLANTIC,CURRENT_REPORTING,1527,759,768,False
0116,Margate City,ATLANTIC,CURRENT_REPORTING,5006,3042,1964,False
0117,Mullica Township,ATLANTIC,CURRENT_REPORTING,1106,777,329,False
0118,Northfield City,ATLANTIC,CURRENT_REPORTING,2467,1546,921,False
0119,Pleasantville City,ATLANTIC,CURRENT_REPORTING,2449,1407,1042,False
0120,Port Republic City,ATLANTIC,CURRENT_REPORTING,1,0,1,False
0121,Somers Point City,ATLANTIC,CURRENT_REPORTING,3138,2305,833,False
0122,Ventnor City,ATLANTIC,CURRENT_REPORTING,4897,1144,3753,False
0123,Weymouth Township,ATLANTIC,CURRENT_REPORTING,500,110,390,False
0201,Allendale Borough,BERGEN,CURRENT_REPORTING,2975,1669,1306,False
0202,Alpine Borough,BERGEN,CURRENT_REPORTING,1146,523,623,False
0203,Bergenfield Borough,BERGEN,CURRENT_REPORTING,7111,3992,3119,False
0204,Bogota Borough,BERGEN,CURRENT_REPORTING,3580,1201,2379,False
0205,Carlstadt Borough,BERGEN,CURRENT_REPORTING,1980,1506,474,False
0206,Cliffside Park Borough,BERGEN,CURRENT_REPORTING,5213,2104,3109,False
0207,Closter Borough,BERGEN,CURRENT_REPORTING,3785,1191,2594,False
0208,Cresskill Borough,BERGEN,CURRENT_REPORTING,3432,926,2506,False
0209,Demarest Borough,BERGEN,CURRENT_REPORTING,2419,2163,256,False
0210,Dumont Borough,BERGEN,CURRENT_REPORTING,4375,1780,2595,False
0211,Elmwood Park Borough,BERGEN,CURRENT_REPORTING,2750,2498,252,False
0212,East Rutherford Borough,BERGEN,CURRENT_REPORTING,2288,1403,885,False
0213,Edgewater Borough,BERGEN,CURRENT_REPORTING,2555,1781,774,False
0214,Emerson Borough,BERGEN,CURRENT_REPORTING,2324,1207,1117,False
0215,Englewood City,BERGEN,CURRENT_REPORTING,15573,13713,1860,False
0216,Englewood Cliffs Borough,BERGEN,CURRENT_REPORTING,2692,680,2012,False
0217,Fair Lawn Borough,BERGEN,CURRENT_REPORTING,25255,3510,21745,False
0218,Fairview Borough,BERGEN,CURRENT_REPORTING,1385,996,389,False
0219,Fort Lee Borough,BERGEN,CURRENT_REPORTING,7428,6894,534,False
0220,Franklin Lakes Borough,BERGEN,CURRENT_REPORTING,6469,4311,2158,False
0221,Garfield City,BERGEN,CURRENT_REPORTING,5139,2694,2445,False
0222,Glen Rock Borough,BERGEN,CURRENT_REPORTING,8185,1828,6357,False
0223,Hackensack City,BERGEN,CURRENT_REPORTING,3979,3031,948,False
0224,Harrington Park Borough,BERGEN,CURRENT_REPORTING,2907,494,2413,False
0225,Hasbrouck Heights Borough,BERGEN,CURRENT_REPORTING,2929,1923,1006,False
0226,Haworth Borough,BERGEN,CURRENT_REPORTING,1824,505,1319,False
0227,Hillsdale Borough,BERGEN,CURRENT_REPORTING,3348,2068,1280,False
0228,Ho-Ho-Kus Borough,BERGEN,CURRENT_REPORTING,2159,1580,579,False
0229,Leonia Borough,BERGEN,CURRENT_REPORTING,3505,2204,1301,False
0230,Little Ferry Borough,BERGEN,CURRENT_REPORTING,2399,1431,968,False
0231,Lodi Borough,BERGEN,CURRENT_REPORTING,3488,2012,1476,False
0232,Lyndhurst Township,BERGEN,CURRENT_REPORTING,5275,2933,2342,False
0233,Mahwah Township,BERGEN,CURRENT_REPORTING,9568,5411,4157,False
0234,Maywood Borough,BERGEN,CURRENT_REPORTING,2466,1411,1055,False
0235,Midland Park Borough,BERGEN,CURRENT_REPORTING,3213,1566,1647,False
0236,Montvale Borough,BERGEN,CURRENT_REPORTING,2615,1802,813,False
0237,Moonachie Borough,BERGEN,CURRENT_REPORTING,746,252,494,False
0238,New Milford Borough,BERGEN,CURRENT_REPORTING,4306,1329,2977,False
0239,North Arlington Borough,BERGEN,CURRENT_REPORTING,2778,1666,1112,False
0240,Northvale Borough,BERGEN,CURRENT_REPORTING,1656,756,900,False
0241,Norwood Borough,BERGEN,CURRENT_REPORTING,1992,451,1541,False
0242,Oakland Borough,BERGEN,CURRENT_REPORTING,3980,1516,2464,False
0243,Old Tappan Borough,BERGEN,CURRENT_REPORTING,5607,1372,4235,False
0244,Oradell Borough,BERGEN,CURRENT_REPORTING,2276,1289,987,False
0245,Palisades Park Borough,BERGEN,CURRENT_REPORTING,3129,2137,992,False
0246,Paramus Borough,BERGEN,CURRENT_REPORTING,11485,10372,1113,False
0247,Park Ridge Borough,BERGEN,CURRENT_REPORTING,3423,815,2608,False
0248,Ramsey Borough,BERGEN,CURRENT_REPORTING,4960,4515,445,False
0249,Ridgefield Borough,BERGEN,CURRENT_REPORTING,2055,1527,528,False
0250,Ridgefield Park Village,BERGEN,CURRENT_REPORTING,1959,811,1148,False
0251,Ridgewood Village,BERGEN,CURRENT_REPORTING,9081,8308,773,False
0252,River Edge Borough,BERGEN,CURRENT_REPORTING,3022,1109,1913,False
0253,River Vale Township,BERGEN,CURRENT_REPORTING,6471,2674,3797,False
0254,Rochelle Park Township,BERGEN,CURRENT_REPORTING,1737,1422,315,False
0255,Rockleigh Borough,BERGEN,CURRENT_REPORTING,189,127,62,False
0256,Rutherford Borough,BERGEN,CURRENT_REPORTING,5261,2441,2820,False
0257,Saddle Brook Township,BERGEN,CURRENT_REPORTING,4391,1608,2783,False
0258,Saddle River Borough,BERGEN,CURRENT_REPORTING,2201,1632,569,False
0259,South Hackensack Township,BERGEN,CURRENT_REPORTING,707,375,332,False
0260,Teaneck Township,BERGEN,CURRENT_REPORTING,13306,4653,8653,False
0261,Tenafly Borough,BERGEN,CURRENT_REPORTING,5624,3373,2251,False
0262,Teterboro Borough,BERGEN,CURRENT_REPORTING,383,301,82,False
0263,Upper Saddle River Borough,BERGEN,CURRENT_REPORTING,2218,2102,116,False
0264,Waldwick Borough,BERGEN,CURRENT_REPORTING,3099,826,2273,False
0265,Wallington Borough,BERGEN,CURRENT_REPORTING,1576,648,928,False
0266,Washington Township,BERGEN,CURRENT_REPORTING,2805,970,1835,False
0267,Westwood Borough,BERGEN,CURRENT_REPORTING,2904,2296,608,False
0268,Woodcliff Lake Borough,BERGEN,CURRENT_REPORTING,3437,1073,2364,False
0269,Wood-Ridge Borough,BERGEN,CURRENT_REPORTING,1576,979,597,False
0270,Wyckoff Township,BERGEN,CURRENT_REPORTING,8170,5557,2613,False
0301,Bass River Township,BURLINGTON,CURRENT_REPORTING,258,110,148,False
0302,Beverly City,BURLINGTON,CURRENT_REPORTING,471,387,84,False
0303,Bordentown City,BURLINGTON,CURRENT_REPORTING,1259,777,482,False
0304,Bordentown Township,BURLINGTON,CURRENT_REPORTING,4469,3308,1161,False
0305,Burlington City,BURLINGTON,CURRENT_REPORTING,2608,1073,1535,False
0306,Burlington Township,BURLINGTON,CURRENT_REPORTING,9711,2016,7695,False
0307,Chesterfield Township,BURLINGTON,CURRENT_REPORTING,2581,993,1588,False
0308,Cinnaminson Township,BURLINGTON,CURRENT_REPORTING,4971,1935,3036,False
0309,Delanco Township,BURLINGTON,CURRENT_REPORTING,1359,1049,310,False
0310,Delran Township,BURLINGTON,CURRENT_REPORTING,3362,2420,942,False
0311,Eastampton Township,BURLINGTON,CURRENT_REPORTING,1393,1016,377,False
0312,Edgewater Park Township,BURLINGTON,CURRENT_REPORTING,3455,1867,1588,False
0313,Evesham Township,BURLINGTON,CURRENT_REPORTING,13438,12939,499,False
0314,Fieldsboro Borough,BURLINGTON,CURRENT_REPORTING,207,160,47,False
0315,Florence Township,BURLINGTON,CURRENT_REPORTING,5460,3211,2249,False
0316,Hainesport Township,BURLINGTON,CURRENT_REPORTING,2591,1804,787,False
0317,Lumberton Township,BURLINGTON,CURRENT_REPORTING,2849,1720,1129,False
0318,Mansfield Township,BURLINGTON,CURRENT_REPORTING,5482,1062,4420,False
0319,Maple Shade Township,BURLINGTON,CURRENT_REPORTING,4181,2728,1453,False
0320,Medford Township,BURLINGTON,CURRENT_REPORTING,7547,5574,1973,False
0321,Medford Lakes Borough,BURLINGTON,CURRENT_REPORTING,1418,423,995,False
0322,Moorestown Township,BURLINGTON,CURRENT_REPORTING,10762,4504,6258,False
0323,Mount Holly Township,BURLINGTON,CURRENT_REPORTING,1895,1162,733,False
0324,Mount Laurel Township,BURLINGTON,CURRENT_REPORTING,19293,11433,7860,False
0325,New Hanover Township,BURLINGTON,CURRENT_REPORTING,204,114,90,False
0326,North Hanover Township,BURLINGTON,CURRENT_REPORTING,1245,851,394,False
0327,Palmyra Borough,BURLINGTON,CURRENT_REPORTING,1675,1283,392,False
0328,Pemberton Borough,BURLINGTON,CURRENT_REPORTING,310,83,227,False
0329,Pemberton Township,BURLINGTON,CURRENT_REPORTING,3474,2703,771,False
0330,Riverside Township,BURLINGTON,CURRENT_REPORTING,718,491,227,False
0331,Riverton Borough,BURLINGTON,CURRENT_REPORTING,950,562,388,False
0332,Shamong Township,BURLINGTON,CURRENT_REPORTING,1933,1198,735,False
0333,Southampton Township,BURLINGTON,CURRENT_REPORTING,3856,1981,1875,False
0334,Springfield Township,BURLINGTON,CURRENT_REPORTING,1000,704,296,False
0335,Tabernacle Township,BURLINGTON,CURRENT_REPORTING,2397,1808,589,False
0336,Washington Township,BURLINGTON,CURRENT_REPORTING,188,44,144,False
0337,Westampton Township,BURLINGTON,CURRENT_REPORTING,1383,986,397,False
0338,Willingboro Township,BURLINGTON,CURRENT_REPORTING,16181,10732,5449,False
0339,Woodland Township,BURLINGTON,CURRENT_REPORTING,298,149,149,False
0340,Wrightstown Borough,BURLINGTON,CURRENT_REPORTING,264,223,41,False
0401,Audubon Borough,CAMDEN,CURRENT_REPORTING,599,437,162,False
0402,Audubon Park Borough,CAMDEN,CURRENT_REPORTING,425,222,203,False
0403,Barrington Borough,CAMDEN,CURRENT_REPORTING,2440,695,1745,False
0404,Bellmawr Borough,CAMDEN,CURRENT_REPORTING,1099,722,377,False
0405,Berlin Borough,CAMDEN,CURRENT_REPORTING,917,725,192,False
0406,Berlin Township,CAMDEN,CURRENT_REPORTING,2303,762,1541,False
0407,Brooklawn Borough,CAMDEN,CURRENT_REPORTING,201,73,128,False
0408,Camden City,CAMDEN,CURRENT_REPORTING,9981,8224,1757,False
0409,Cherry Hill Township,CAMDEN,CURRENT_REPORTING,24615,6503,18112,False
0410,Chesilhurst Borough,CAMDEN,CURRENT_REPORTING,250,51,199,False
0411,Clementon Borough,CAMDEN,CURRENT_REPORTING,1283,578,705,False
0412,Collingswood Borough,CAMDEN,CURRENT_REPORTING,1577,691,886,False
0413,Gibbsboro Borough,CAMDEN,CURRENT_REPORTING,1117,475,642,False
0414,Gloucester City City,CAMDEN,CURRENT_REPORTING,2861,1703,1158,False
0415,Gloucester Township,CAMDEN,CURRENT_REPORTING,8995,8175,820,False
0416,Haddon Township,CAMDEN,CURRENT_REPORTING,4681,2086,2595,False
0417,Haddonfield Borough,CAMDEN,CURRENT_REPORTING,5268,3421,1847,False
0418,Haddon Heights Borough,CAMDEN,CURRENT_REPORTING,2317,1676,641,False
0419,Hi-nella Borough,CAMDEN,CURRENT_REPORTING,119,13,106,False
0420,Laurel Springs Borough,CAMDEN,CURRENT_REPORTING,209,158,51,False
0421,Lawnside Borough,CAMDEN,CURRENT_REPORTING,301,128,173,False
0422,Lindenwold Borough,CAMDEN,CURRENT_REPORTING,5150,2254,2896,False
0423,Magnolia Borough,CAMDEN,CURRENT_REPORTING,1094,792,302,False
0424,Merchantville Borough,CAMDEN,CURRENT_REPORTING,800,226,574,False
0425,Mount Ephraim Borough,CAMDEN,CURRENT_REPORTING,1489,243,1246,False
0426,Oaklyn Borough,CAMDEN,CURRENT_REPORTING,723,372,351,False
0427,Pennsauken Township,CAMDEN,CURRENT_REPORTING,12630,8447,4183,False
0428,Pine Hill Borough,CAMDEN,CURRENT_REPORTING,2869,2073,796,False
0430,Runnemede Borough,CAMDEN,CURRENT_REPORTING,2794,1455,1339,False
0431,Somerdale Borough,CAMDEN,CURRENT_REPORTING,1395,525,870,False
0432,Stratford Borough,CAMDEN,CURRENT_REPORTING,1667,481,1186,False
0433,Tavistock Borough,CAMDEN,CURRENT_REPORTING,5,5,0,False
0434,Voorhees Township,CAMDEN,CURRENT_REPORTING,11367,4537,6830,False
0435,Waterford Township,CAMDEN,CURRENT_REPORTING,2002,1738,264,False
0436,Winslow Township,CAMDEN,CURRENT_REPORTING,11924,7791,4133,False
0437,Woodlynne Borough,CAMDEN,CURRENT_REPORTING,67,36,31,False
0501,Avalon Borough,CAPE MAY,CURRENT_REPORTING,4372,2211,2161,False
0502,Cape May City,CAPE MAY,CURRENT_REPORTING,2780,2469,311,False
0503,Cape May Point Borough,CAPE MAY,CURRENT_REPORTING,387,356,31,False
0504,Dennis Township,CAPE MAY,CURRENT_REPORTING,2255,1587,668,False
0505,Lower Township,CAPE MAY,CURRENT_REPORTING,7759,5856,1903,False
0506,Middle Township,CAPE MAY,CURRENT_REPORTING,6508,4306,2202,False
0507,North Wildwood City,CAPE MAY,CURRENT_REPORTING,4773,2809,1964,False
0508,Ocean City City,CAPE MAY,CURRENT_REPORTING,11425,3277,8148,False
0509,Sea Isle City,CAPE MAY,CURRENT_REPORTING,4181,2220,1961,False
0510,Stone Harbor Borough,CAPE MAY,CURRENT_REPORTING,1551,800,751,False
0511,Upper Township,CAPE MAY,CURRENT_REPORTING,3762,2229,1533,False
0512,West Cape May Borough,CAPE MAY,CURRENT_REPORTING,599,545,54,False
0513,West Wildwood Borough,CAPE MAY,CURRENT_REPORTING,404,315,89,False
0514,Wildwood City,CAPE MAY,CURRENT_REPORTING,3383,2524,859,False
0515,Wildwood Crest Borough,CAPE MAY,CURRENT_REPORTING,2765,2176,589,False
0516,Woodbine Borough,CAPE MAY,CURRENT_REPORTING,540,92,448,False
0601,Bridgeton City,CUMBERLAND,CURRENT_REPORTING,4211,1197,3014,False
0602,Commercial Township,CUMBERLAND,CURRENT_REPORTING,6786,3800,2986,False
0603,Deerfield Township,CUMBERLAND,CURRENT_REPORTING,1039,338,701,False
0604,Downe Township,CUMBERLAND,CURRENT_REPORTING,421,94,327,False
0605,Fairfield Township,CUMBERLAND,CURRENT_REPORTING,1128,368,760,False
0606,Greenwich Township,CUMBERLAND,CURRENT_REPORTING,316,127,189,False
0607,Hopewell Township,CUMBERLAND,CURRENT_REPORTING,1283,389,894,False
0608,Lawrence Township,CUMBERLAND,CURRENT_REPORTING,852,215,637,False
0609,Maurice River Township,CUMBERLAND,CURRENT_REPORTING,890,183,707,False
0610,Millville City,CUMBERLAND,CURRENT_REPORTING,2727,2154,573,False
0611,Shiloh Borough,CUMBERLAND,CURRENT_REPORTING,105,24,81,False
0612,Stow Creek Township,CUMBERLAND,CURRENT_REPORTING,375,127,248,False
0613,Upper Deerfield Township,CUMBERLAND,CURRENT_REPORTING,2575,821,1754,False
0614,Vineland City,CUMBERLAND,CURRENT_REPORTING,10419,4433,5986,False
0701,Belleville Township,ESSEX,CURRENT_REPORTING,6423,6314,109,False
0702,Bloomfield Township,ESSEX,CURRENT_REPORTING,15474,3261,12213,False
0703,Caldwell Borough,ESSEX,CURRENT_REPORTING,1976,1261,715,False
0704,Cedar Grove Township,ESSEX,CURRENT_REPORTING,4533,3308,1225,False
0705,East Orange City,ESSEX,CURRENT_REPORTING,6948,5245,1703,False
0706,Essex Fells Borough,ESSEX,CURRENT_REPORTING,1004,510,494,False
0707,Fairfield Township,ESSEX,CURRENT_REPORTING,3210,2170,1040,False
0708,Glen Ridge Borough,ESSEX,CURRENT_REPORTING,3093,2200,893,False
0709,Irvington Township,ESSEX,CURRENT_REPORTING,2570,1952,618,False
0710,Livingston Township,ESSEX,CURRENT_REPORTING,15267,8145,7122,False
0711,Maplewood Township,ESSEX,CURRENT_REPORTING,3481,1550,1931,False
0712,Millburn Township,ESSEX,CURRENT_REPORTING,12725,4516,8209,False
0713,Montclair Township,ESSEX,CURRENT_REPORTING,11147,3991,7156,False
0714,Newark City,ESSEX,CURRENT_REPORTING,21260,16858,4402,False
0715,North Caldwell Borough,ESSEX,CURRENT_REPORTING,502,354,148,False
0716,Nutley Township,ESSEX,CURRENT_REPORTING,10724,3485,7239,False
0717,City of Orange Township,ESSEX,CURRENT_REPORTING,3969,3460,509,False
0718,Roseland Borough,ESSEX,CURRENT_REPORTING,3298,740,2558,False
0719,South Orange Village,ESSEX,CURRENT_REPORTING,6704,5433,1271,False
0720,Verona Township,ESSEX,CURRENT_REPORTING,6360,1696,4664,False
0721,West Caldwell Township,ESSEX,CURRENT_REPORTING,4472,949,3523,False
0722,West Orange Township,ESSEX,CURRENT_REPORTING,11523,10892,631,False
0801,Clayton Borough,GLOUCESTER,CURRENT_REPORTING,2138,1038,1100,False
0802,Deptford Township,GLOUCESTER,CURRENT_REPORTING,9446,9311,135,False
0803,East Greenwich Township,GLOUCESTER,CURRENT_REPORTING,5028,737,4291,False
0804,Elk Township,GLOUCESTER,CURRENT_REPORTING,1592,1050,542,False
0805,Franklin Township,GLOUCESTER,CURRENT_REPORTING,4750,3054,1696,False
0806,Glassboro Borough,GLOUCESTER,CURRENT_REPORTING,5636,1549,4087,False
0807,Greenwich Township,GLOUCESTER,CURRENT_REPORTING,1040,366,674,False
0808,Harrison Township,GLOUCESTER,CURRENT_REPORTING,5244,2343,2901,False
0809,Logan Township,GLOUCESTER,CURRENT_REPORTING,2653,2094,559,False
0810,Mantua Township,GLOUCESTER,CURRENT_REPORTING,3975,3413,562,False
0811,Monroe Township,GLOUCESTER,CURRENT_REPORTING,11787,7333,4454,False
0812,National Park Borough,GLOUCESTER,CURRENT_NON_REPORTING,0,0,0,True
0813,Newfield Borough,GLOUCESTER,CURRENT_REPORTING,397,281,116,False
0814,Paulsboro Borough,GLOUCESTER,CURRENT_REPORTING,1403,983,420,False
0815,Pitman Borough,GLOUCESTER,CURRENT_REPORTING,2859,1694,1165,False
0816,South Harrison Township,GLOUCESTER,CURRENT_REPORTING,987,665,322,False
0817,Swedesboro Borough,GLOUCESTER,CURRENT_REPORTING,536,224,312,False
0818,Washington Township,GLOUCESTER,CURRENT_REPORTING,12696,8056,4640,False
0819,Wenonah Borough,GLOUCESTER,CURRENT_REPORTING,804,686,118,False
0820,West Deptford Township,GLOUCESTER,CURRENT_REPORTING,6683,921,5762,False
0821,Westville Borough,GLOUCESTER,CURRENT_REPORTING,1121,551,570,False
0822,Woodbury City,GLOUCESTER,CURRENT_REPORTING,3016,650,2366,False
0823,Woodbury Heights Borough,GLOUCESTER,CURRENT_REPORTING,1243,200,1043,False
0824,Woolwich Township,GLOUCESTER,CURRENT_REPORTING,4833,2169,2664,False
0901,Bayonne City,HUDSON,CURRENT_REPORTING,9014,7807,1207,False
0902,East Newark Borough,HUDSON,CURRENT_REPORTING,175,138,37,False
0903,Guttenberg Town,HUDSON,CURRENT_REPORTING,1448,565,883,False
0904,Harrison Town,HUDSON,CURRENT_REPORTING,2404,2101,303,False
0905,Hoboken City,HUDSON,CURRENT_REPORTING,8160,7383,777,False
0906,Jersey City City,HUDSON,CURRENT_REPORTING,18297,10160,8137,False
0907,Kearny Town,HUDSON,CURRENT_REPORTING,4333,3669,664,False
0908,North Bergen Township,HUDSON,CURRENT_REPORTING,2640,2469,171,False
0909,Secaucus Town,HUDSON,CURRENT_REPORTING,5692,1936,3756,False
0910,Union City City,HUDSON,CURRENT_REPORTING,5102,3603,1499,False
0911,Weehawken Township,HUDSON,CURRENT_REPORTING,1942,1468,474,False
0912,West New York Town,HUDSON,CURRENT_REPORTING,4965,2203,2762,False
1001,Alexandria Township,HUNTERDON,CURRENT_REPORTING,2597,981,1616,False
1002,Bethlehem Township,HUNTERDON,CURRENT_REPORTING,1853,622,1231,False
1003,Bloomsbury Borough,HUNTERDON,CURRENT_REPORTING,463,143,320,False
1004,Califon Borough,HUNTERDON,CURRENT_REPORTING,474,353,121,False
1005,Clinton Town,HUNTERDON,CURRENT_REPORTING,647,422,225,False
1006,Clinton Township,HUNTERDON,CURRENT_REPORTING,5363,1833,3530,False
1007,Delaware Township,HUNTERDON,CURRENT_REPORTING,1747,1072,675,False
1008,East Amwell Township,HUNTERDON,CURRENT_REPORTING,1305,489,816,False
1009,Flemington Borough,HUNTERDON,CURRENT_REPORTING,1658,767,891,False
1010,Franklin Township,HUNTERDON,CURRENT_REPORTING,1409,962,447,False
1011,Frenchtown Borough,HUNTERDON,CURRENT_REPORTING,889,157,732,False
1012,Glen Gardner Borough,HUNTERDON,CURRENT_REPORTING,801,218,583,False
1013,Hampton Borough,HUNTERDON,CURRENT_REPORTING,477,203,274,False
1014,High Bridge Borough,HUNTERDON,CURRENT_REPORTING,484,314,170,False
1015,Holland Township,HUNTERDON,CURRENT_REPORTING,2279,779,1500,False
1016,Kingwood Township,HUNTERDON,CURRENT_REPORTING,905,578,327,False
1017,Lambertville City,HUNTERDON,CURRENT_REPORTING,2640,731,1909,False
1018,Lebanon Borough,HUNTERDON,CURRENT_REPORTING,592,184,408,False
1019,Lebanon Township,HUNTERDON,CURRENT_REPORTING,2617,1939,678,False
1020,Milford Borough,HUNTERDON,CURRENT_REPORTING,523,199,324,False
1021,Raritan Township,HUNTERDON,CURRENT_REPORTING,11381,3317,8064,False
1022,Readington Township,HUNTERDON,CURRENT_REPORTING,8366,2973,5393,False
1023,Stockton Borough,HUNTERDON,CURRENT_REPORTING,139,94,45,False
1024,Tewksbury Township,HUNTERDON,CURRENT_REPORTING,3428,2319,1109,False
1025,Union Township,HUNTERDON,CURRENT_REPORTING,2524,836,1688,False
1026,West Amwell Township,HUNTERDON,CURRENT_REPORTING,981,429,552,False
1101,East Windsor Township,MERCER,CURRENT_REPORTING,8478,8021,457,False
1102,Ewing Township,MERCER,CURRENT_REPORTING,13925,6294,7631,False
1103,Hamilton Township,MERCER,CURRENT_REPORTING,37102,14947,22155,False
1104,Hightstown Borough,MERCER,CURRENT_REPORTING,1918,1086,832,False
1105,Hopewell Borough,MERCER,CURRENT_REPORTING,775,168,607,False
1106,Hopewell Township,MERCER,CURRENT_REPORTING,11925,5172,6753,False
1107,Lawrence Township,MERCER,CURRENT_REPORTING,14469,9746,4723,False
1108,Pennington Borough,MERCER,CURRENT_REPORTING,1551,403,1148,False
1111,Trenton City,MERCER,CURRENT_REPORTING,5970,4725,1245,False
1112,Robbinsville Township,MERCER,CURRENT_REPORTING,7339,5564,1775,False
1113,West Windsor Township,MERCER,CURRENT_REPORTING,14515,12675,1840,False
1114,Princeton,MERCER,CURRENT_REPORTING,14054,10559,3495,False
1201,Carteret Borough,MIDDLESEX,CURRENT_REPORTING,4300,2871,1429,False
1202,Cranbury Township,MIDDLESEX,CURRENT_REPORTING,2965,1427,1538,False
1203,Dunellen Borough,MIDDLESEX,CURRENT_REPORTING,806,559,247,False
1204,East Brunswick Township,MIDDLESEX,CURRENT_REPORTING,31599,12502,19097,False
1205,Edison Township,MIDDLESEX,CURRENT_REPORTING,32746,14720,18026,False
1206,Helmetta Borough,MIDDLESEX,CURRENT_REPORTING,416,260,156,False
1207,Highland Park Borough,MIDDLESEX,CURRENT_REPORTING,3162,1680,1482,False
1208,Jamesburg Borough,MIDDLESEX,CURRENT_REPORTING,1015,379,636,False
1209,Old Bridge Township,MIDDLESEX,CURRENT_REPORTING,24630,9971,14659,False
1210,Metuchen Borough,MIDDLESEX,CURRENT_REPORTING,6794,2059,4735,False
1211,Middlesex Borough,MIDDLESEX,CURRENT_REPORTING,3817,2253,1564,False
1212,Milltown Borough,MIDDLESEX,CURRENT_REPORTING,1882,1857,25,False
1213,Monroe Township,MIDDLESEX,CURRENT_REPORTING,24187,16377,7810,False
1214,New Brunswick City,MIDDLESEX,CURRENT_REPORTING,5656,2810,2846,False
1215,North Brunswick Township,MIDDLESEX,CURRENT_REPORTING,4103,1274,2829,False
1216,Perth Amboy City,MIDDLESEX,CURRENT_REPORTING,6096,4862,1234,False
1217,Piscataway Township,MIDDLESEX,CURRENT_REPORTING,17467,13611,3856,False
1218,Plainsboro Township,MIDDLESEX,CURRENT_REPORTING,10875,5545,5330,False
1219,Sayreville Borough,MIDDLESEX,CURRENT_REPORTING,10467,6186,4281,False
1220,South Amboy City,MIDDLESEX,CURRENT_REPORTING,2361,2209,152,False
1221,South Brunswick Township,MIDDLESEX,CURRENT_REPORTING,18511,13154,5357,False
1222,South Plainfield Borough,MIDDLESEX,CURRENT_REPORTING,10098,8039,2059,False
1223,South River Borough,MIDDLESEX,CURRENT_REPORTING,3020,2469,551,False
1224,Spotswood Borough,MIDDLESEX,CURRENT_REPORTING,2181,752,1429,False
1225,Woodbridge Township,MIDDLESEX,CURRENT_REPORTING,23510,20566,2944,False
1301,Allenhurst Borough,MONMOUTH,CURRENT_REPORTING,462,234,228,False
1302,Allentown Borough,MONMOUTH,CURRENT_REPORTING,520,204,316,False
1303,Asbury Park City,MONMOUTH,CURRENT_REPORTING,5211,2204,3007,False
1304,Atlantic Highlands Borough,MONMOUTH,CURRENT_REPORTING,1501,1163,338,False
1305,Avon-by-the-Sea Borough,MONMOUTH,CURRENT_REPORTING,1893,1107,786,False
1306,Belmar Borough,MONMOUTH,CURRENT_REPORTING,2239,1362,877,False
1307,Bradley Beach Borough,MONMOUTH,CURRENT_REPORTING,2025,1169,856,False
1308,Brielle Borough,MONMOUTH,CURRENT_REPORTING,2268,1236,1032,False
1309,Colts Neck Township,MONMOUTH,CURRENT_REPORTING,4923,1967,2956,False
1310,Deal Borough,MONMOUTH,CURRENT_REPORTING,993,731,262,False
1311,Eatontown Borough,MONMOUTH,CURRENT_REPORTING,6347,2283,4064,False
1312,Englishtown Borough,MONMOUTH,CURRENT_REPORTING,512,182,330,False
1313,Fair Haven Borough,MONMOUTH,CURRENT_REPORTING,2739,1283,1456,False
1314,Farmingdale Borough,MONMOUTH,CURRENT_REPORTING,220,57,163,False
1315,Freehold Borough,MONMOUTH,CURRENT_REPORTING,5745,2374,3371,False
1316,Freehold Township,MONMOUTH,CURRENT_REPORTING,13260,3981,9279,False
1317,Highlands Borough,MONMOUTH,CURRENT_REPORTING,1360,1192,168,False
1318,Holmdel Township,MONMOUTH,CURRENT_REPORTING,8661,2790,5871,False
1319,Howell Township,MONMOUTH,CURRENT_REPORTING,20714,6547,14167,False
1320,Interlaken Borough,MONMOUTH,CURRENT_REPORTING,433,209,224,False
1321,Keansburg Borough,MONMOUTH,CURRENT_REPORTING,2067,1387,680,False
1322,Keyport Borough,MONMOUTH,CURRENT_REPORTING,2032,473,1559,False
1323,Little Silver Borough,MONMOUTH,CURRENT_REPORTING,2906,1297,1609,False
1324,Loch Arbour Village,MONMOUTH,CURRENT_REPORTING,191,113,78,False
1325,Long Branch City,MONMOUTH,CURRENT_REPORTING,8614,4063,4551,False
1326,Manalapan Township,MONMOUTH,CURRENT_REPORTING,19950,12740,7210,False
1327,Manasquan Borough,MONMOUTH,CURRENT_REPORTING,2864,2135,729,False
1328,Marlboro Township,MONMOUTH,CURRENT_REPORTING,20461,6586,13875,False
1329,Matawan Borough,MONMOUTH,CURRENT_REPORTING,2906,1772,1134,False
1330,Aberdeen Township,MONMOUTH,CURRENT_REPORTING,6379,4185,2194,False
1331,Middletown Township,MONMOUTH,CURRENT_REPORTING,22579,17903,4676,False
1332,Millstone Township,MONMOUTH,CURRENT_REPORTING,2907,881,2026,False
1333,Monmouth Beach Borough,MONMOUTH,CURRENT_REPORTING,1879,1158,721,False
1334,Neptune Township,MONMOUTH,CURRENT_REPORTING,8830,5490,3340,False
1335,Neptune City Borough,MONMOUTH,CURRENT_REPORTING,1416,1001,415,False
1336,Tinton Falls Borough,MONMOUTH,CURRENT_REPORTING,6568,3049,3519,False
1337,Ocean Township,MONMOUTH,CURRENT_REPORTING,12813,5384,7429,False
1338,Oceanport Borough,MONMOUTH,CURRENT_REPORTING,3628,2033,1595,False
1339,Hazlet Township,MONMOUTH,CURRENT_REPORTING,6179,2320,3859,False
1340,Red Bank Borough,MONMOUTH,CURRENT_REPORTING,8922,4143,4779,False
1341,Roosevelt Borough,MONMOUTH,CURRENT_REPORTING,360,83,277,False
1342,Rumson Borough,MONMOUTH,CURRENT_REPORTING,4147,2081,2066,False
1343,Sea Bright Borough,MONMOUTH,CURRENT_REPORTING,1225,691,534,False
1344,Sea Girt Borough,MONMOUTH,CURRENT_REPORTING,1669,919,750,False
1345,Shrewsbury Borough,MONMOUTH,CURRENT_REPORTING,2380,689,1691,False
1346,Shrewsbury Township,MONMOUTH,CURRENT_REPORTING,581,122,459,False
1347,Lake Como Borough,MONMOUTH,CURRENT_REPORTING,324,165,159,False
1348,Spring Lake Borough,MONMOUTH,CURRENT_REPORTING,2757,1537,1220,False
1349,Spring Lake Heights Borough,MONMOUTH,CURRENT_REPORTING,1766,871,895,False
1350,Union Beach Borough,MONMOUTH,CURRENT_REPORTING,435,391,44,False
1351,Upper Freehold Township,MONMOUTH,CURRENT_REPORTING,3697,1230,2467,False
1352,Wall Township,MONMOUTH,CURRENT_REPORTING,12579,10522,2057,False
1353,West Long Branch Borough,MONMOUTH,CURRENT_REPORTING,2554,1194,1360,False
1401,Boonton Town,MORRIS,CURRENT_REPORTING,2512,908,1604,False
1402,Boonton Township,MORRIS,CURRENT_REPORTING,2242,675,1567,False
1403,Butler Borough,MORRIS,CURRENT_REPORTING,2239,615,1624,False
1404,Chatham Borough,MORRIS,CURRENT_REPORTING,6709,2383,4326,False
1405,Chatham Township,MORRIS,CURRENT_REPORTING,6249,2350,3899,False
1406,Chester Borough,MORRIS,CURRENT_REPORTING,1258,697,561,False
1407,Chester Township,MORRIS,CURRENT_REPORTING,4588,2534,2054,False
1408,Denville Township,MORRIS,CURRENT_REPORTING,8436,4744,3692,False
1409,Dover Town,MORRIS,CURRENT_REPORTING,2368,1225,1143,False
1410,East Hanover Township,MORRIS,CURRENT_REPORTING,5410,1764,3646,False
1411,Florham Park Borough,MORRIS,CURRENT_REPORTING,5000,3861,1139,False
1412,Hanover Township,MORRIS,CURRENT_REPORTING,5375,2726,2649,False
1413,Harding Township,MORRIS,CURRENT_REPORTING,3698,1372,2326,False
1414,Jefferson Township,MORRIS,CURRENT_REPORTING,10056,3628,6428,False
1415,Kinnelon Borough,MORRIS,CURRENT_REPORTING,3995,983,3012,False
1416,Lincoln Park Borough,MORRIS,CURRENT_REPORTING,2293,889,1404,False
1417,Madison Borough,MORRIS,CURRENT_REPORTING,8310,2645,5665,False
1418,Mendham Borough,MORRIS,CURRENT_REPORTING,2397,901,1496,False
1419,Mendham Township,MORRIS,CURRENT_REPORTING,3605,2060,1545,False
1420,Mine Hill Township,MORRIS,CURRENT_REPORTING,1457,427,1030,False
1421,Montville Township,MORRIS,CURRENT_REPORTING,9085,2875,6210,False
1422,Morris Township,MORRIS,CURRENT_REPORTING,14247,2925,11322,False
1423,Morris Plains Borough,MORRIS,CURRENT_REPORTING,3163,1034,2129,False
1424,Morristown Town,MORRIS,CURRENT_REPORTING,6320,3501,2819,False
1425,Mountain Lakes Borough,MORRIS,CURRENT_REPORTING,2392,844,1548,False
1426,Mount Arlington Borough,MORRIS,CURRENT_REPORTING,1575,543,1032,False
1427,Mount Olive Township,MORRIS,CURRENT_REPORTING,6870,4677,2193,False
1428,Netcong Borough,MORRIS,CURRENT_REPORTING,1241,397,844,False
1429,Parsippany-Troy Hills Township,MORRIS,CURRENT_REPORTING,18722,13506,5216,False
1430,Long Hill Township,MORRIS,CURRENT_REPORTING,3966,1344,2622,False
1431,Pequannock Township,MORRIS,CURRENT_REPORTING,5599,1855,3744,False
1432,Randolph Township,MORRIS,CURRENT_REPORTING,13907,3114,10793,False
1433,Riverdale Borough,MORRIS,CURRENT_REPORTING,1342,1061,281,False
1434,Rockaway Borough,MORRIS,CURRENT_REPORTING,2783,737,2046,False
1435,Rockaway Township,MORRIS,CURRENT_REPORTING,10111,3388,6723,False
1436,Roxbury Township,MORRIS,CURRENT_REPORTING,7243,2293,4950,False
1437,Victory Gardens Borough,MORRIS,CURRENT_NON_REPORTING,0,0,0,True
1438,Washington Township,MORRIS,CURRENT_REPORTING,7726,2530,5196,False
1439,Wharton Borough,MORRIS,CURRENT_REPORTING,2278,948,1330,False
1501,Barnegat Light Borough,OCEAN,CURRENT_REPORTING,1146,747,399,False
1502,Bay Head Borough,OCEAN,CURRENT_REPORTING,1299,813,486,False
1503,Beach Haven Borough,OCEAN,CURRENT_REPORTING,1933,1323,610,False
1504,Beachwood Borough,OCEAN,CURRENT_REPORTING,2661,1654,1007,False
1505,Berkeley Township,OCEAN,CURRENT_REPORTING,15521,13597,1924,False
1506,Brick Township,OCEAN,CURRENT_REPORTING,24531,9778,14753,False
1507,Toms River Township,OCEAN,CURRENT_REPORTING,35037,16179,18858,False
1508,Eagleswood Township,OCEAN,CURRENT_REPORTING,754,354,400,False
1509,Harvey Cedars Borough,OCEAN,CURRENT_REPORTING,610,331,279,False
1510,Island Heights Borough,OCEAN,CURRENT_REPORTING,1030,184,846,False
1511,Jackson Township,OCEAN,CURRENT_REPORTING,26022,17646,8376,False
1512,Lacey Township,OCEAN,CURRENT_REPORTING,9743,4398,5345,False
1513,Lakehurst Borough,OCEAN,CURRENT_NON_REPORTING,0,0,0,True
1514,Lakewood Township,OCEAN,CURRENT_REPORTING,27074,19160,7914,False
1515,Lavallette Borough,OCEAN,CURRENT_REPORTING,15,4,11,False
1516,Little Egg Harbor Township,OCEAN,CURRENT_REPORTING,8264,2038,6226,False
1517,Long Beach Township,OCEAN,CURRENT_REPORTING,8532,4787,3745,False
1518,Manchester Township,OCEAN,CURRENT_REPORTING,17768,9540,8228,False
1519,Mantoloking Borough,OCEAN,CURRENT_REPORTING,963,705,258,False
1520,Ocean Township,OCEAN,CURRENT_REPORTING,3602,2405,1197,False
1521,Ocean Gate Borough,OCEAN,CURRENT_REPORTING,530,341,189,False
1522,Pine Beach Borough,OCEAN,CURRENT_NON_REPORTING,0,0,0,True
1523,Plumsted Township,OCEAN,CURRENT_REPORTING,5185,1706,3479,False
1524,Point Pleasant Borough,OCEAN,CURRENT_REPORTING,7695,2383,5312,False
1525,Point Pleasant Beach Borough,OCEAN,CURRENT_REPORTING,3745,2268,1477,False
1526,Seaside Heights Borough,OCEAN,CURRENT_REPORTING,1904,859,1045,False
1527,Seaside Park Borough,OCEAN,CURRENT_REPORTING,1719,752,967,False
1528,Ship Bottom Borough,OCEAN,CURRENT_REPORTING,1601,770,831,False
1529,South Toms River Borough,OCEAN,CURRENT_REPORTING,524,296,228,False
1530,Stafford Township,OCEAN,CURRENT_REPORTING,12287,3925,8362,False
1531,Surf City Borough,OCEAN,CURRENT_REPORTING,40,2,38,False
1532,Tuckerton Borough,OCEAN,CURRENT_REPORTING,8,7,1,False
1533,Barnegat Township,OCEAN,CURRENT_REPORTING,8853,5706,3147,False
1601,Bloomingdale Borough,PASSAIC,CURRENT_REPORTING,2076,538,1538,False
1602,Clifton City,PASSAIC,CURRENT_REPORTING,26569,10639,15930,False
1603,Haledon Borough,PASSAIC,CURRENT_REPORTING,781,473,308,False
1604,Hawthorne Borough,PASSAIC,CURRENT_REPORTING,4358,1722,2636,False
1605,Little Falls Township,PASSAIC,CURRENT_REPORTING,4648,1900,2748,False
1606,North Haledon Borough,PASSAIC,CURRENT_REPORTING,2780,1909,871,False
1607,Passaic City,PASSAIC,CURRENT_REPORTING,4359,3338,1021,False
1608,Paterson City,PASSAIC,CURRENT_REPORTING,10133,7198,2935,False
1609,Pompton Lakes Borough,PASSAIC,CURRENT_REPORTING,2546,2076,470,False
1610,Prospect Park Borough,PASSAIC,CURRENT_REPORTING,662,478,184,False
1611,Ringwood Borough,PASSAIC,CURRENT_REPORTING,4317,1163,3154,False
1612,Totowa Borough,PASSAIC,CURRENT_REPORTING,2178,926,1252,False
1613,Wanaque Borough,PASSAIC,CURRENT_REPORTING,2805,797,2008,False
1614,Wayne Township,PASSAIC,CURRENT_REPORTING,4605,3776,829,False
1615,West Milford Township,PASSAIC,CURRENT_REPORTING,11413,3660,7753,False
1616,Woodland Park Borough,PASSAIC,CURRENT_REPORTING,3394,836,2558,False
1701,Alloway Township,SALEM,CURRENT_REPORTING,860,630,230,False
1702,Elmer Borough,SALEM,CURRENT_REPORTING,376,91,285,False
1703,Elsinboro Township,SALEM,CURRENT_REPORTING,378,235,143,False
1704,Lower Alloways Creek Township,SALEM,CURRENT_NON_REPORTING,0,0,0,True
1705,Mannington Township,SALEM,CURRENT_REPORTING,397,102,295,False
1706,Oldmans Township,SALEM,CURRENT_REPORTING,258,164,94,False
1707,Penns Grove Borough,SALEM,CURRENT_REPORTING,558,132,426,False
1708,Pennsville Township,SALEM,CURRENT_REPORTING,4116,2649,1467,False
1709,Pilesgrove Township,SALEM,CURRENT_REPORTING,1417,1180,237,False
1710,Pittsgrove Township,SALEM,CURRENT_REPORTING,1920,612,1308,False
1711,Quinton Township,SALEM,CURRENT_REPORTING,643,330,313,False
1712,Salem City,SALEM,CURRENT_REPORTING,666,199,467,False
1713,Carneys Point Township,SALEM,CURRENT_REPORTING,2455,1324,1131,False
1714,Upper Pittsgrove Township,SALEM,CURRENT_REPORTING,1106,397,709,False
1715,Woodstown Borough,SALEM,CURRENT_REPORTING,885,506,379,False
1801,Bedminster Township,SOMERSET,CURRENT_REPORTING,3884,1514,2370,False
1802,Bernards Township,SOMERSET,CURRENT_REPORTING,13631,3084,10547,False
1803,Bernardsville Borough,SOMERSET,CURRENT_REPORTING,5067,2131,2936,False
1804,Bound Brook Borough,SOMERSET,CURRENT_REPORTING,2203,799,1404,False
1805,Branchburg Township,SOMERSET,CURRENT_REPORTING,6322,2127,4195,False
1806,Bridgewater Township,SOMERSET,CURRENT_REPORTING,17563,5643,11920,False
1807,Far Hills Borough,SOMERSET,CURRENT_REPORTING,586,204,382,False
1808,Franklin Township,SOMERSET,CURRENT_REPORTING,25516,8739,16777,False
1809,Green Brook Township,SOMERSET,CURRENT_REPORTING,2799,948,1851,False
1810,Hillsborough Township,SOMERSET,CURRENT_REPORTING,18432,6301,12131,False
1811,Manville Borough,SOMERSET,CURRENT_REPORTING,3181,1258,1923,False
1812,Millstone Borough,SOMERSET,CURRENT_REPORTING,119,39,80,False
1813,Montgomery Township,SOMERSET,CURRENT_REPORTING,9850,6215,3635,False
1814,North Plainfield Borough,SOMERSET,CURRENT_REPORTING,1854,1316,538,False
1815,Peapack and Gladstone Borough,SOMERSET,CURRENT_REPORTING,1985,907,1078,False
1816,Raritan Borough,SOMERSET,CURRENT_REPORTING,2521,1124,1397,False
1817,Rocky Hill Borough,SOMERSET,CURRENT_REPORTING,295,97,198,False
1818,Somerville Borough,SOMERSET,CURRENT_REPORTING,4887,1270,3617,False
1819,South Bound Brook Borough,SOMERSET,CURRENT_REPORTING,540,214,326,False
1820,Warren Township,SOMERSET,CURRENT_REPORTING,10036,3397,6639,False
1821,Watchung Borough,SOMERSET,CURRENT_REPORTING,4040,1097,2943,False
1901,Andover Borough,SUSSEX,CURRENT_NON_REPORTING,0,0,0,True
1902,Andover Township,SUSSEX,CURRENT_REPORTING,2863,1051,1812,False
1903,Branchville Borough,SUSSEX,CURRENT_REPORTING,355,215,140,False
1904,Byram Township,SUSSEX,CURRENT_REPORTING,4702,1422,3280,False
1905,Frankford Township,SUSSEX,CURRENT_REPORTING,742,309,433,False
1906,Franklin Borough,SUSSEX,CURRENT_REPORTING,1851,1049,802,False
1907,Fredon Township,SUSSEX,CURRENT_REPORTING,1755,595,1160,False
1908,Green Township,SUSSEX,CURRENT_REPORTING,1386,524,862,False
1909,Hamburg Borough,SUSSEX,CURRENT_REPORTING,1207,723,484,False
1910,Hampton Township,SUSSEX,CURRENT_REPORTING,1751,713,1038,False
1911,Hardyston Township,SUSSEX,CURRENT_REPORTING,4050,2166,1884,False
1912,Hopatcong Borough,SUSSEX,CURRENT_REPORTING,6999,2941,4058,False
1913,Lafayette Township,SUSSEX,CURRENT_REPORTING,1177,523,654,False
1914,Montague Township,SUSSEX,CURRENT_REPORTING,1321,540,781,False
1915,Newton Town,SUSSEX,CURRENT_REPORTING,2453,1440,1013,False
1916,Ogdensburg Borough,SUSSEX,CURRENT_REPORTING,1014,375,639,False
1917,Sandyston Township,SUSSEX,CURRENT_REPORTING,425,195,230,False
1918,Sparta Township,SUSSEX,CURRENT_REPORTING,13584,2360,11224,False
1919,Stanhope Borough,SUSSEX,CURRENT_REPORTING,1871,1042,829,False
1920,Stillwater Township,SUSSEX,CURRENT_REPORTING,2092,1320,772,False
1921,Sussex Borough,SUSSEX,CURRENT_REPORTING,589,330,259,False
1922,Vernon Township,SUSSEX,CURRENT_REPORTING,13058,3159,9899,False
1923,Walpack Township,SUSSEX,CURRENT_NON_REPORTING,0,0,0,True
1924,Wantage Township,SUSSEX,CURRENT_REPORTING,4242,2429,1813,False
2001,Berkeley Heights Township,UNION,CURRENT_REPORTING,6048,1495,4553,False
2002,Clark Township,UNION,CURRENT_REPORTING,3731,1475,2256,False
2003,Cranford Township,UNION,CURRENT_REPORTING,9043,3425,5618,False
2004,Elizabeth City,UNION,CURRENT_REPORTING,8262,4060,4202,False
2005,Fanwood Borough,UNION,CURRENT_REPORTING,3240,625,2615,False
2006,Garwood Borough,UNION,CURRENT_REPORTING,1397,573,824,False
2007,Hillside Township,UNION,CURRENT_REPORTING,4777,3604,1173,False
2008,Kenilworth Borough,UNION,CURRENT_REPORTING,1478,811,667,False
2009,Linden City,UNION,CURRENT_REPORTING,8596,7041,1555,False
2010,Mountainside Borough,UNION,CURRENT_REPORTING,3464,594,2870,False
2011,New Providence Borough,UNION,CURRENT_REPORTING,5313,1510,3803,False
2012,Plainfield City,UNION,CURRENT_REPORTING,33365,9626,23739,False
2013,Rahway City,UNION,CURRENT_REPORTING,9972,4334,5638,False
2014,Roselle Borough,UNION,CURRENT_REPORTING,2807,1460,1347,False
2015,Roselle Park Borough,UNION,CURRENT_REPORTING,4129,1658,2471,False
2016,Scotch Plains Township,UNION,CURRENT_REPORTING,2196,1882,314,False
2017,Springfield Township,UNION,CURRENT_REPORTING,5829,1757,4072,False
2018,Summit City,UNION,CURRENT_REPORTING,10586,3784,6802,False
2019,Union Township,UNION,CURRENT_REPORTING,10194,6875,3319,False
2020,Westfield Town,UNION,CURRENT_REPORTING,19483,3384,16099,False
2021,Winfield Township,UNION,CURRENT_NON_REPORTING,0,0,0,True
2101,Allamuchy Township,WARREN,CURRENT_REPORTING,1986,542,1444,False
2102,Alpha Borough,WARREN,CURRENT_REPORTING,78,61,17,False
2103,Belvidere Town,WARREN,CURRENT_REPORTING,2913,985,1928,False
2104,Blairstown Township,WARREN,CURRENT_REPORTING,2640,751,1889,False
2105,Franklin Township,WARREN,CURRENT_REPORTING,1076,365,711,False
2106,Frelinghuysen Township,WARREN,CURRENT_REPORTING,876,394,482,False
2107,Greenwich Township,WARREN,CURRENT_REPORTING,1790,636,1154,False
2108,Hackettstown Town,WARREN,CURRENT_REPORTING,3408,1063,2345,False
2109,Hardwick Township,WARREN,CURRENT_REPORTING,675,230,445,False
2110,Harmony Township,WARREN,CURRENT_REPORTING,780,288,492,False
2111,Hope Township,WARREN,CURRENT_REPORTING,766,295,471,False
2112,Independence Township,WARREN,CURRENT_REPORTING,2276,879,1397,False
2113,Knowlton Township,WARREN,CURRENT_REPORTING,1213,402,811,False
2114,Liberty Township,WARREN,CURRENT_REPORTING,1148,365,783,False
2115,Lopatcong Township,WARREN,CURRENT_REPORTING,3706,1415,2291,False
2116,Mansfield Township,WARREN,CURRENT_REPORTING,2124,818,1306,False
2117,Oxford Township,WARREN,CURRENT_REPORTING,707,291,416,False
2119,Phillipsburg Town,WARREN,CURRENT_REPORTING,6488,2273,4215,False
2120,Pohatcong Township,WARREN,CURRENT_REPORTING,1437,578,859,False
2121,Washington Borough,WARREN,CURRENT_REPORTING,1678,698,980,False
2122,Washington Township,WARREN,CURRENT_REPORTING,4357,1796,2561,False
2123,White Township,WARREN,CURRENT_REPORTING,648,264,384,False
0429,PINE VALLEY MERGED 12/31/2021,CAMDEN,HISTORICAL_OR_INACTIVE,3,3,0,False
1109,PRINCETON (OLD),MERCER,HISTORICAL_OR_INACTIVE,490,435,55,False
1110,PRINCETON (OLD),MERCER,HISTORICAL_OR_INACTIVE,1000,192,808,False
9999,STATE / STATEWIDE,STATE,STATE_LEVEL,60,,,False
